video,utterance,arousal
1f61459b0,utterance_1.mp4,0.54036136
1f61459b0,utterance_2.mp4,0.72726248
1f61459b0,utterance_3.mp4,0.7831379
1f61459b0,utterance_4.mp4,0.62005749
1f61459b0,utterance_5.mp4,0.77769594
1f61459b0,utterance_6.mp4,0.77782581
1f61459b0,utterance_7.mp4,0.82421684
1f61459b0,utterance_8.mp4,0.48937845
1f61459b0,utterance_9.mp4,0.80911675
1f61459b0,utterance_10.mp4,0.75534431
1f61459b0,utterance_11.mp4,0.63509526
1f61459b0,utterance_12.mp4,0.71501018
1f61459b0,utterance_13.mp4,0.7821819
1f61459b0,utterance_14.mp4,0.57375854
a1b44e5f3,utterance_10.mp4,0.67885495
a1b44e5f3,utterance_14.mp4,0.4855079
a1b44e5f3,utterance_16.mp4,0.48940906
a1b44e5f3,utterance_19.mp4,0.34579156
a1b44e5f3,utterance_21.mp4,0.70015423
a1b44e5f3,utterance_22.mp4,0.16775973
a1b44e5f3,utterance_23.mp4,0.37958461
a1b44e5f3,utterance_29.mp4,0.39454476
a1b44e5f3,utterance_30.mp4,0.39454476
a1b44e5f3,utterance_32.mp4,0.52848121
a1b44e5f3,utterance_33.mp4,0.77565061
a7c5bc08c,utterance_1.mp4,0.34078568
a7c5bc08c,utterance_2.mp4,0.49945341
a7c5bc08c,utterance_3.mp4,0.4607779
a7c5bc08c,utterance_4.mp4,0.32662029
a7c5bc08c,utterance_5.mp4,0.43270034
a7c5bc08c,utterance_6.mp4,0.63209525
a7c5bc08c,utterance_7.mp4,0.44031036
a7c5bc08c,utterance_9.mp4,0.77308937
d1dae148e,utterance_1.mp4 ,0.77308937
d1dae148e,utterance_2.mp4,0.17246554
d1dae148e,utterance_3.mp4,0.16858307
d1dae148e,utterance_4.mp4,0.25816896
d1dae148e,utterance_5.mp4,0.24204918
d1dae148e,utterance_6.mp4,0.05380289
d1dae148e,utterance_7.mp4,0.49506468
d1dae148e,utterance_8.mp4,0.13144339
d1dae148e,utterance_9.mp4,0.39303612
d1dae148e,utterance_10.mp4,0.07478219
ddf3a516c,utterance_1.mp4,0.42384256
ddf3a516c,utterance_2.mp4,0.27545941
ddf3a516c,utterance_3.mp4,0.70361013
ddf3a516c,utterance_4.mp4,0.51516457
ddf3a516c,utterance_5.mp4,0.45250791
ddf3a516c,utterance_6.mp4,0.51599112
ddf3a516c,utterance_7.mp4,0.79472567
ddf3a516c,utterance_8.mp4,0.45792596
ddf3a516c,utterance_9.mp4,0.22010868
ddf3a516c,utterance_10.mp4,0.26153183
ddf3a516c,utterance_11.mp4,0.46831542
ddf3a516c,utterance_12.mp4,0.37514089
ddf3a516c,utterance_13.mp4,0.31162284
ddf3a516c,utterance_14.mp4,0.36668532
ddf3a516c,utterance_15.mp4,0.60576722
ddf3a516c,utterance_16.mp4,0.49285985
ddf3a516c,utterance_17.mp4,0.34131011
e8a276493,utterance_4.mp4,0.28663527
e8a276493,utterance_5.mp4,0.61779325
e8a276493,utterance_6.mp4,0.58806119
e8a276493,utterance_7.mp4,0.69858126
e8a276493,utterance_8.mp4,0.69858126
e8a276493,utterance_9.mp4,0.44185184
e8a276493,utterance_10.mp4,0.73864963
e8a276493,utterance_11.mp4,0.70804062
e8a276493,utterance_12.mp4,0.85067804
e8a276493,utterance_13.mp4,0.4312548
e8a276493,utterance_14.mp4,0.43010443
e8a276493,utterance_15.mp4,0.51618517
e8a276493,utterance_17.mp4,0.70418949
e8a276493,utterance_18.mp4,0.72970332
e8a276493,utterance_19.mp4,0.42497654
e8a276493,utterance_20.mp4,0.49162495
e8a276493,utterance_21.mp4,0.59410075
e8a276493,utterance_22.mp4,0.68120589
e8a276493,utterance_23.mp4,0.58400015
e8a276493,utterance_24.mp4,0.51091682
e8a276493,utterance_25.mp4,0.66721183
e8a276493,utterance_27.mp4,0.59558653
e8a276493,utterance_28.mp4,0.57189269
e8a276493,utterance_29.mp4,0.5748682
e8a276493,utterance_30.mp4,0.63507785
e8a276493,utterance_31.mp4,0.64773635
e8a276493,utterance_32.mp4,0.59308869
e8a276493,utterance_33.mp4,0.39783288
e8a276493,utterance_34.mp4,0.33210564
e8a276493,utterance_35.mp4,0.54648596
e8a276493,utterance_36.mp4,0.65576091
e8a276493,utterance_37.mp4,0.78869448
e8a276493,utterance_38.mp4,0.52056216
e8a276493,utterance_39.mp4,0.5742632
e8a276493,utterance_40.mp4,0.78597046
e8a276493,utterance_41.mp4,0.36200866
e8a276493,utterance_42.mp4,0.54225979
e8a276493,utterance_43.mp4,0.74089488
e8a276493,utterance_44.mp4,0.47852592
e8a276493,utterance_45.mp4,0.62079575
e8a276493,utterance_46.mp4,0.43479803
e8a276493,utterance_47.mp4,0.40007747
e8a276493,utterance_48.mp4,0.41220157
e8a276493,utterance_49.mp4,0.48267829
e8a276493,utterance_50.mp4,0.62999555
e8a276493,utterance_51.mp4,0.46068479
e8a276493,utterance_52.mp4,0.53488338
e8a276493,utterance_53.mp4,0.34995781
e8a276493,utterance_54.mp4,0.39186794
e8a276493,utterance_55.mp4,0.38305494
e8a276493,utterance_56.mp4,0.3659235
e8a276493,utterance_57.mp4,0.28330019
e8a276493,utterance_58.mp4,0.28330019
e8a276493,utterance_59.mp4,0.44385397
e8a276493,utterance_61.mp4,0.53743802
fd41c38b2,utterance_1.mp4,0.63764453
fd41c38b2,utterance_2.mp4,0.40363246
fd41c38b2,utterance_3.mp4,0.62725486
fd41c38b2,utterance_4.mp4,0.68102683
fd41c38b2,utterance_5.mp4,0.77112836
fd41c38b2,utterance_6.mp4,0.44913034
fd41c38b2,utterance_7.mp4,0.43313681
fd41c38b2,utterance_8.mp4,0.26006572
fd41c38b2,utterance_9.mp4,0.221123
fd41c38b2,utterance_10.mp4,0.46894473
fd41c38b2,utterance_11.mp4,0.68292915
fd41c38b2,utterance_12.mp4,0.39736965
fd41c38b2,utterance_13.mp4,0.6943857
fd41c38b2,utterance_14.mp4,0.50989529
fd41c38b2,utterance_15.mp4,0.83157532
fd41c38b2,utterance_16.mp4,0.3600668
fd41c38b2,utterance_17.mp4,0.48720707
fd41c38b2,utterance_18.mp4,0.61426654
fd41c38b2,utterance_19.mp4,0.70783854
fd41c38b2,utterance_20.mp4,0.40042173
fd41c38b2,utterance_21.mp4,0.39630121
fd41c38b2,utterance_22.mp4,0.44416072
fd41c38b2,utterance_23.mp4,0.52123558
fd41c38b2,utterance_24.mp4,0.50475214
fd41c38b2,utterance_25.mp4,0.48179225
fd41c38b2,utterance_26.mp4,0.44528524
fd41c38b2,utterance_27.mp4,0.45770754
fd41c38b2,utterance_28.mp4,0.44951741
fd41c38b2,utterance_29.mp4,0.29463282
fd41c38b2,utterance_30.mp4,0.4254295
fd41c38b2,utterance_31.mp4,0.50951417
fd41c38b2,utterance_32.mp4,0.4932553
fd41c38b2,utterance_33.mp4,0.57558947
fd41c38b2,utterance_34.mp4,0.26355748
fd41c38b2,utterance_35.mp4,0.43773764
fd41c38b2,utterance_36.mp4,0.26756191
fd41c38b2,utterance_37.mp4,0.25932786
fd41c38b2,utterance_38.mp4,0.33105044
fd41c38b2,utterance_39.mp4,0.2811815
fd41c38b2,utterance_40.mp4,0.64626343
fd41c38b2,utterance_41.mp4,0.55956558
fd41c38b2,utterance_42.mp4,0.46161095
fd41c38b2,utterance_43.mp4,0.56363506
fd41c38b2,utterance_44.mp4,0.46479656
fd41c38b2,utterance_45.mp4,0.66128057
fd41c38b2,utterance_46.mp4,0.34005875
fd41c38b2,utterance_47.mp4,0.66384328
fd41c38b2,utterance_48.mp4,0.75937912
fd41c38b2,utterance_49.mp4,0.77849093
fd41c38b2,utterance_50.mp4,0.65076013
fd41c38b2,utterance_51.mp4,0.77508146
fd41c38b2,utterance_52.mp4,0.63930796
fd41c38b2,utterance_53.mp4,0.48960826
fd41c38b2,utterance_54.mp4,0.78339251
fd41c38b2,utterance_55.mp4,0.69479298
fd41c38b2,utterance_56.mp4,0.50440415
fd41c38b2,utterance_57.mp4,0.68523326
2b7a44d40_1,utterance_1.mp4,0.68944921
2b7a44d40_1,utterance_2.mp4,0.71411831
2b7a44d40_1,utterance_3.mp4,0.64691584
2b7a44d40_1,utterance_4.mp4,0.64388443
2b7a44d40_1,utterance_5.mp4,0.54321067
175acc2a4_1,utterance_1.mp4,0.89523107
175acc2a4_1,utterance_2.mp4,1.01076698
175acc2a4_1,utterance_3.mp4,0.87229806
175acc2a4_1,utterance_4.mp4,0.90089951
175acc2a4_1,utterance_5.mp4,0.92780483
610fd0cfb_1,utterance_1.mp4,0.57064076
610fd0cfb_1,utterance_2.mp4,0.34863497
610fd0cfb_1,utterance_3.mp4,0.41379176
610fd0cfb_1,utterance_4.mp4,0.49222977
610fd0cfb_1,utterance_5.mp4,0.57453947
610fd0cfb_1,utterance_6.mp4,0.59323072
610fd0cfb_1,utterance_7.mp4,0.34665406
610fd0cfb_1,utterance_8.mp4,0.47820119
975d467b7_1,utterance_1.mp4,0.4401384
975d467b7_1,utterance_2.mp4,0.4646268
975d467b7_1,utterance_4.mp4,0.44667865
975d467b7_1,utterance_5.mp4,0.20099452
c2e8f2b89_1,utterance_1.mp4,0.17090128
c2e8f2b89_1,utterance_2.mp4,0.45472424
c2e8f2b89_1,utterance_3.mp4,0.47471607
d7c8650e0_1,utterance_2.mp4,0.8075481
d7c8650e0_1,utterance_5.mp4,0.68304724
d7c8650e0_1,utterance_6.mp4,0.79603569
d7c8650e0_1,utterance_7.mp4,0.61388801
d7c8650e0_1,utterance_8.mp4,0.55891261
d7c8650e0_1,utterance_9.mp4,0.81484367
d7c8650e0_1,utterance_10.mp4,0.72651011
d39d991a8_1,utterance_2.mp4,0.40723201
d39d991a8_1,utterance_3.mp4,0.52459958
d39d991a8_1,utterance_4.mp4,0.28997182
d39d991a8_1,utterance_5.mp4,0.44532827
d73b7560a_1,utterance_1.mp4,0.39192208
d73b7560a_1,utterance_2.mp4,0.12787249
d73b7560a_1,utterance_3.mp4,0.2057261
d73b7560a_1,utterance_4.mp4,0.15443341
dc937fe58_1,utterance_1.mp4,0.42097085
dc937fe58_1,utterance_2.mp4,0.5600295
dc937fe58_1,utterance_4.mp4,0.45524686
dc937fe58_1,utterance_5.mp4,0.31704823
2b47d407c_1,utterance_1.mp4,0.59596215
2b47d407c_1,utterance_2.mp4,0.52223108
2b47d407c_1,utterance_3.mp4,0.44992041
2b47d407c_1,utterance_4.mp4,0.50695255
2b47d407c_1,utterance_5.mp4,0.46129668
2b47d407c_1,utterance_6.mp4,0.50929361
2b47d407c_1,utterance_7.mp4,0.39325487
2b47d407c_1,utterance_8.mp4,0.5184005
2b47d407c_1,utterance_9.mp4,0.52454322
2b47d407c_1,utterance_10.mp4,0.15790757
2b47d407c_1,utterance_11.mp4,0.44537073
2b47d407c_1,utterance_12.mp4,0.5049125
2b47d407c_1,utterance_13.mp4,0.37738748
2b47d407c_1,utterance_14.mp4,0.41585967
2b47d407c_1,utterance_15.mp4,0.47488896
2b47d407c_1,utterance_16.mp4,0.44447587
2b47d407c_1,utterance_17.mp4,0.41629871
2b47d407c_1,utterance_18.mp4,0.31901038
2b47d407c_1,utterance_19.mp4,0.48165178
2b47d407c_1,utterance_20.mp4,0.46101371
2b47d407c_1,utterance_21.mp4,0.48579927
2b47d407c_1,utterance_22.mp4,0.41553569
2b47d407c_1,utterance_23.mp4,0.27706049
3f2e427de_1,utterance_1.mp4,0.63440611
3f2e427de_1,utterance_2.mp4,0.62623556
3f2e427de_1,utterance_3.mp4,0.71042064
3f2e427de_1,utterance_4.mp4,0.72742253
3f2e427de_1,utterance_5.mp4,0.56408952
4b16a4aa0_1,utterance_1.mp4,0.62037063
4b16a4aa0_1,utterance_2.mp4,0.67352297
4b16a4aa0_1,utterance_3.mp4,0.64674302
4b16a4aa0_1,utterance_4.mp4,0.67501879
4b16a4aa0_1,utterance_5.mp4,0.70538286
4b16a4aa0_1,utterance_6.mp4,0.38800683
5ae4d78f1_1,utterance_1.mp4,0.98327833
5ae4d78f1_1,utterance_2.mp4,0.22008404
5ae4d78f1_1,utterance_3.mp4,0.70166754
5ae4d78f1_1,utterance_4.mp4,0.68202579
5ae4d78f1_1,utterance_5.mp4,0.61513968
5ae4d78f1_1,utterance_6.mp4,0.71377098
5ae4d78f1_1,utterance_7.mp4,0.62461406
6a3db07f1_1,utterance_1.mp4,0.18016863
6a3db07f1_1,utterance_2.mp4,0.23034668
6a3db07f1_1,utterance_3.mp4,0.27810811
6a3db07f1_1,utterance_4.mp4,0.2793164
6a3db07f1_1,utterance_5.mp4,0.3072675
6a3db07f1_1,utterance_6.mp4,0.27794952
6a3db07f1_1,utterance_7.mp4,0.34010888
6a3db07f1_1,utterance_8.mp4,0.30479748
6b45db6a1_1,utterance_1.mp4,0.29238845
6b45db6a1_1,utterance_2.mp4,0.32974992
6b45db6a1_1,utterance_3.mp4,0.21813246
6b45db6a1_1,utterance_4.mp4,0.3984088
6b45db6a1_1,utterance_6.mp4,0.27086741
6b45db6a1_1,utterance_7.mp4,0.58095597
6b45db6a1_1,utterance_8.mp4,0.48716936
6b45db6a1_1,utterance_9.mp4,0.25094578
6b45db6a1_1,utterance_10.mp4,0.54067546
6b45db6a1_1,utterance_11.mp4,0.66346444
6b45db6a1_1,utterance_12.mp4,0.40071007
6b45db6a1_1,utterance_13.mp4,0.32926337
6b45db6a1_1,utterance_14.mp4,0.19901043
7e9cc4f37_1,utterance_1.mp4,0.51457915
7e9cc4f37_1,utterance_2.mp4,0.74574433
7e9cc4f37_1,utterance_3.mp4,0.66033424
7e9cc4f37_1,utterance_4.mp4,0.68295959
7e9cc4f37_1,utterance_5.mp4,0.70275292
7e9cc4f37_1,utterance_6.mp4,0.49079435
7e9cc4f37_1,utterance_7.mp4,0.63330297
7e9cc4f37_1,utterance_8.mp4,0.36439695
8bae01f71_1,utterance_1.mp4,0.80974578
8bae01f71_1,utterance_2.mp4,0.62816904
8bae01f71_1,utterance_3.mp4,0.65673417
8bae01f71_1,utterance_4.mp4,0.58954389
8bae01f71_1,utterance_5.mp4,0.72933714
8bae01f71_1,utterance_7.mp4,0.17651583
8bae01f71_1,utterance_8.mp4,0.22385182
8bae01f71_1,utterance_9.mp4,0.23927556
8bae01f71_1,utterance_10.mp4,0.49238267
8bae01f71_1,utterance_11.mp4,0.47618838
8bae01f71_1,utterance_12.mp4,0.50086395
8bae01f71_1,utterance_13.mp4,0.29032364
8bae01f71_1,utterance_14.mp4,0.36867065
8bae01f71_1,utterance_15.mp4,0.61124917
8bae01f71_1,utterance_16.mp4,0.36979004
8bae01f71_1,utterance_17.mp4,0.56421472
8bae01f71_1,utterance_18.mp4,0.55139698
8bae01f71_1,utterance_19.mp4,0.41968785
8bae01f71_1,utterance_20.mp4,0.12198684
9b882983a_1,utterance_2.mp4,0.27589761
9b882983a_1,utterance_4.mp4,0.20189343
9b882983a_1,utterance_5.mp4,0.34545344
9b882983a_1,utterance_6.mp4,0.20453261
9b882983a_1,utterance_7.mp4,0.2381916
9b882983a_1,utterance_8.mp4,0.11906252
9ce9a4d38_1,utterance_1.mp4,0.41386506
9ce9a4d38_1,utterance_2.mp4,0.27853835
9ce9a4d38_1,utterance_3.mp4,0.3549906
9ce9a4d38_1,utterance_4.mp4,0.15695434
9ce9a4d38_1,utterance_5.mp4,0.25353599
9ce9a4d38_1,utterance_6.mp4,0.26866939
9ce9a4d38_1,utterance_7.mp4,0.23142761
9ce9a4d38_1,utterance_8.mp4,0.25376862
9ce9a4d38_1,utterance_9.mp4,0.31172321
9ce9a4d38_1,utterance_10.mp4,0.32198507
9ce9a4d38_1,utterance_11.mp4,0.04084148
9ce9a4d38_1,utterance_12.mp4,0.18335073
9ce9a4d38_1,utterance_13.mp4,0.26788305
9ce9a4d38_1,utterance_14.mp4,0.15935746
9ce9a4d38_1,utterance_15.mp4,0.18999081
9ce9a4d38_1,utterance_16.mp4,0.16109892
9ce9a4d38_1,utterance_17.mp4,0.1517118
9ce9a4d38_1,utterance_19.mp4,0.4015087
9ce9a4d38_1,utterance_20.mp4,0.06354661
9ce9a4d38_1,utterance_21.mp4,0.07625321
23cdb64b3_1,utterance_1.mp4,0.51331854
23cdb64b3_1,utterance_2.mp4,0.51534259
23cdb64b3_1,utterance_3.mp4,0.42470146
23cdb64b3_1,utterance_4.mp4,0.45459222
23cdb64b3_1,utterance_5.mp4,0.30245595
23cdb64b3_1,utterance_6.mp4,0.3051861
23cdb64b3_1,utterance_7.mp4,0.31676358
43f9ef86e_1,utterance_1.mp4,0.81595972
43f9ef86e_1,utterance_2.mp4,0.77855094
43f9ef86e_1,utterance_3.mp4,0.72048979
43f9ef86e_1,utterance_4.mp4,0.88180756
43f9ef86e_1,utterance_5.mp4,0.82212355
43f9ef86e_1,utterance_6.mp4,0.68602074
43f9ef86e_1,utterance_7.mp4,0.74407483
43f9ef86e_1,utterance_8.mp4,0.53508617
88c192af8_1,utterance_1.mp4,0.83131253
88c192af8_1,utterance_2.mp4,0.80773373
88c192af8_1,utterance_3.mp4,0.70799909
88c192af8_1,utterance_4.mp4,0.59531832
88c192af8_1,utterance_5.mp4,0.62701142
88c192af8_1,utterance_6.mp4,0.77058558
88c192af8_1,utterance_7.mp4,0.82944844
88c192af8_1,utterance_8.mp4,0.72980502
88c192af8_1,utterance_9.mp4,0.76395138
88c192af8_1,utterance_10.mp4,0.7157895
88c192af8_1,utterance_11.mp4,0.60159981
88c192af8_1,utterance_12.mp4,0.82873382
88c192af8_1,utterance_13.mp4,0.66671729
88c192af8_1,utterance_14.mp4,0.65421747
88c192af8_1,utterance_15.mp4,0.42831457
88c192af8_1,utterance_18.mp4,0.61279354
88c192af8_1,utterance_19.mp4,0.76838329
88c192af8_1,utterance_20.mp4,0.18325685
0853ce554_1,utterance_1.mp4,0.7436851
0853ce554_1,utterance_2.mp4,0.72745495
0853ce554_1,utterance_3.mp4,0.76239717
0853ce554_1,utterance_4.mp4,0.35699763
0853ce554_1,utterance_5.mp4,0.44728535
0853ce554_1,utterance_6.mp4,0.45794824
0853ce554_1,utterance_7.mp4,0.58664326
0853ce554_1,utterance_8.mp4,0.25876461
0853ce554_1,utterance_9.mp4,0.259579
0853ce554_1,utterance_10.mp4,0.27544894
0853ce554_1,utterance_11.mp4,0.52139457
0853ce554_1,utterance_12.mp4,0.23625287
0853ce554_1,utterance_13.mp4,0.15959843
0853ce554_1,utterance_14.mp4,0.12664433
0853ce554_1,utterance_15.mp4,0.35771018
0853ce554_1,utterance_16.mp4,0.12200396
0853ce554_1,utterance_17.mp4,0.6726982
0853ce554_1,utterance_18.mp4,0.70378867
0853ce554_1,utterance_20.mp4,0.20724951
0853ce554_1,utterance_21.mp4,0.2825785
0853ce554_1,utterance_22.mp4,0.51353305
888f448f5_1,utterance_1.mp4,0.53345914
888f448f5_1,utterance_2.mp4,0.61882292
888f448f5_1,utterance_3.mp4,0.45005508
888f448f5_1,utterance_4.mp4,0.27146868
888f448f5_1,utterance_5.mp4,0.30336131
888f448f5_1,utterance_6.mp4,0.32231574
888f448f5_1,utterance_7.mp4,0.66705522
888f448f5_1,utterance_8.mp4,0.49592168
888f448f5_1,utterance_9.mp4,0.78613994
888f448f5_1,utterance_10.mp4,0.5646377
888f448f5_1,utterance_11.mp4,0.40742521
8705af2e3_1,utterance_1.mp4,0.40069744
8705af2e3_1,utterance_2.mp4,0.65708422
8705af2e3_1,utterance_3.mp4,0.57879088
8705af2e3_1,utterance_4.mp4,0.63933215
8705af2e3_1,utterance_5.mp4,0.60539542
8705af2e3_1,utterance_6.mp4,0.74098107
8705af2e3_1,utterance_7.mp4,0.55817226
8705af2e3_1,utterance_8.mp4,0.68597942
8705af2e3_1,utterance_9.mp4,0.47668632
8705af2e3_1,utterance_10.mp4,0.72166133
8705af2e3_1,utterance_11.mp4,0.44704036
99101d5dc_1,utterance_3.mp4,0.40687043
99101d5dc_1,utterance_5.mp4,0.41082459
99101d5dc_1,utterance_6.mp4,0.28174033
99101d5dc_1,utterance_7.mp4,0.42875835
99101d5dc_1,utterance_8.mp4,0.32262981
99101d5dc_1,utterance_9.mp4,0.25019625
99101d5dc_1,utterance_11.mp4,0.32710648
99101d5dc_1,utterance_12.mp4,0.39656704
99101d5dc_1,utterance_13.mp4,0.46370403
99101d5dc_1,utterance_14.mp4,0.45070835
99101d5dc_1,utterance_15.mp4,0.45612362
99101d5dc_1,utterance_16.mp4,0.45379469
99101d5dc_1,utterance_18.mp4,0.39590477
99101d5dc_1,utterance_19.mp4,0.2649294
99101d5dc_1,utterance_20.mp4,0.29813173
99101d5dc_1,utterance_21.mp4,0.46472823
99101d5dc_1,utterance_23.mp4,0.55088952
99101d5dc_1,utterance_25.mp4,0.29257651
99101d5dc_1,utterance_26.mp4,0.4607863
99101d5dc_1,utterance_27.mp4,0.27837433
99101d5dc_1,utterance_29.mp4,0.51115651
99101d5dc_1,utterance_30.mp4,0.54601997
99101d5dc_1,utterance_31.mp4,0.49445337
99101d5dc_1,utterance_33.mp4,0.26327964
99101d5dc_1,utterance_34.mp4,0.42536964
99101d5dc_1,utterance_35.mp4,0.34313443
99101d5dc_1,utterance_36.mp4,0.28744972
99101d5dc_1,utterance_38.mp4,0.2256664
99101d5dc_1,utterance_39.mp4,0.24887173
99101d5dc_1,utterance_40.mp4,0.14860356
99101d5dc_1,utterance_42.mp4,0.28318708
99101d5dc_1,utterance_43.mp4,0.31988914
a77361542_1,utterance_1.mp4,0.75680946
a77361542_1,utterance_2.mp4,0.7579786
a77361542_1,utterance_3.mp4,0.63773175
a77361542_1,utterance_4.mp4,0.66623031
a77361542_1,utterance_5.mp4,0.57744777
a77361542_1,utterance_6.mp4,0.66150647
a77361542_1,utterance_7.mp4,0.71859413
a77361542_1,utterance_8.mp4,0.7606283
a77361542_1,utterance_9.mp4,0.76594605
a77361542_1,utterance_10.mp4,0.42507507
cf197f451_1,utterance_1.mp4,0.36523326
cf197f451_1,utterance_2.mp4,0.41758335
cf197f451_1,utterance_3.mp4,0.36587751
cf197f451_1,utterance_4.mp4,0.22161141
cf197f451_1,utterance_5.mp4,0.47586299
cf197f451_1,utterance_6.mp4,0.39794891
cf197f451_1,utterance_7.mp4,0.3892878
cf197f451_1,utterance_8.mp4,0.29754467
cf197f451_1,utterance_9.mp4,0.2900531
cf197f451_1,utterance_10.mp4,0.53918345
cf197f451_1,utterance_11.mp4,0.29531833
cf197f451_1,utterance_12.mp4,0.24512042
cf197f451_1,utterance_13.mp4,0.18396789
cf197f451_1,utterance_14.mp4,0.32348359
cf197f451_1,utterance_15.mp4,0.26182939
cf197f451_1,utterance_16.mp4,0.24157536
d096f5992_1,utterance_1.mp4,0.76710424
d096f5992_1,utterance_2.mp4,0.83162403
d096f5992_1,utterance_3.mp4,0.78800022
d096f5992_1,utterance_4.mp4,0.74145643
d096f5992_1,utterance_5.mp4,0.71514654
d096f5992_1,utterance_6.mp4,0.67555477
d096f5992_1,utterance_7.mp4,0.7114426
d096f5992_1,utterance_8.mp4,0.69330146
d096f5992_1,utterance_9.mp4,0.49082743
d096f5992_1,utterance_10.mp4,0.65777871
d096f5992_1,utterance_11.mp4,0.66211691
d096f5992_1,utterance_12.mp4,0.79053146
d096f5992_1,utterance_13.mp4,0.70091843
d096f5992_1,utterance_14.mp4,0.70091843
d096f5992_1,utterance_15.mp4,0.75702378
d096f5992_1,utterance_16.mp4,0.33840462
d096f5992_1,utterance_17.mp4,0.63171409
d096f5992_1,utterance_18.mp4,0.66719891
d096f5992_1,utterance_19.mp4,0.38004348
d096f5992_1,utterance_20.mp4,0.52019689
d096f5992_1,utterance_21.mp4,0.6337144
d096f5992_1,utterance_22.mp4,0.79981021
d096f5992_1,utterance_23.mp4,0.7764242
d096f5992_1,utterance_24.mp4,0.81377865
d096f5992_1,utterance_25.mp4,0.77711589
d096f5992_1,utterance_26.mp4,0.82797372
d096f5992_1,utterance_27.mp4,0.48142519
d096f5992_1,utterance_28.mp4,0.67321024
d096f5992_1,utterance_29.mp4,0.36903078
e0fbb351e_1,utterance_1.mp4,0.86112756
e0fbb351e_1,utterance_2.mp4,0.63026003
e0fbb351e_1,utterance_3.mp4,0.57934565
e0fbb351e_1,utterance_4.mp4,0.16889233
e0fbb351e_1,utterance_5.mp4,0.60818326
e0fbb351e_1,utterance_6.mp4,0.38217388
e0fbb351e_1,utterance_7.mp4,0.31237081
e0fbb351e_1,utterance_8.mp4,0.29295419
e0fbb351e_1,utterance_9.mp4,0.17466045
e0fbb351e_1,utterance_11.mp4,0.45059575
e0fbb351e_1,utterance_12.mp4,0.57185275
e0fbb351e_1,utterance_13.mp4,0.34408752
e0fbb351e_1,utterance_14.mp4,0.14378475
e0fbb351e_1,utterance_15.mp4,0.16295655
e0fbb351e_1,utterance_16.mp4,0.05797046
e0fbb351e_1,utterance_17.mp4,0.12759311
e0fbb351e_1,utterance_18.mp4,0.11117993
e0fbb351e_1,utterance_19.mp4,0.20313426
e0fbb351e_1,utterance_20.mp4,0.13788123
e0fbb351e_1,utterance_21.mp4,0.15898923
e0fbb351e_1,utterance_22.mp4,0.069621
e0fbb351e_1,utterance_23.mp4,0.22677966
e0fbb351e_1,utterance_24.mp4,0.0695814
e0fbb351e_1,utterance_25.mp4,0.27515936
e0fbb351e_1,utterance_26.mp4,0.35947426
e0fbb351e_1,utterance_27.mp4,0.41368847
e0fbb351e_1,utterance_28.mp4,0.16004219
e0fbb351e_1,utterance_29.mp4,0.02586545
e0fbb351e_1,utterance_31.mp4,0.13173757
0af72f957_1,utterance_1.mp4,0.16778112
0af72f957_1,utterance_2.mp4,0.34244833
0af72f957_1,utterance_3.mp4,0.4820432
0af72f957_1,utterance_4.mp4,0.32521381
0af72f957_1,utterance_6.mp4,0.35132879
7b5fbb086_1,utterance_8.mp4,0.39108332
7b5fbb086_1,utterance_9.mp4,0.36386826
7b5fbb086_1,utterance_10.mp4,0.30562436
16f978d4a_1,utterance_1.mp4,0.56525847
16f978d4a_1,utterance_2.mp4,0.44695019
16f978d4a_1,utterance_4.mp4,0.21275581
16f978d4a_1,utterance_5.mp4,0.15044788
16f978d4a_1,utterance_6.mp4,0.1536768
16f978d4a_1,utterance_8.mp4,0.26214127
16f978d4a_1,utterance_9.mp4,0.11080446
16f978d4a_1,utterance_10.mp4,0.34840055
16f978d4a_1,utterance_11.mp4,0.45889576
16f978d4a_1,utterance_12.mp4,-0.01469818
16f978d4a_1,utterance_16.mp4,0.369516
16f978d4a_1,utterance_18.mp4,0.27130375
16f978d4a_1,utterance_19.mp4,0.35279757
16f978d4a_1,utterance_20.mp4,0.4138548
16f978d4a_1,utterance_21.mp4,0.16782651
16f978d4a_1,utterance_22.mp4,0.34183842
16f978d4a_1,utterance_23.mp4,0.40875983
16f978d4a_1,utterance_25.mp4,0.38144336
16f978d4a_1,utterance_26.mp4,0.14321765
16f978d4a_1,utterance_27.mp4,0.26581545
16f978d4a_1,utterance_28.mp4,0.21320326
16f978d4a_1,utterance_29.mp4,0.05218816
16f978d4a_1,utterance_30.mp4,0.1004119
16f978d4a_1,utterance_31.mp4,0.18849514
16f978d4a_1,utterance_32.mp4,0.15086896
16f978d4a_1,utterance_33.mp4,0.31144885
16f978d4a_1,utterance_34.mp4,-0.00378097
16f978d4a_1,utterance_36.mp4,0.6391754
16f978d4a_1,utterance_37.mp4,0.51969613
16f978d4a_1,utterance_38.mp4,0.34851718
34d64e449_4,utterance_62.mp4,0.47044929
34d64e449_4,utterance_63.mp4,0.53570894
34d64e449_4,utterance_64.mp4,0.22834762
95e8075a9_1,utterance_1.mp4,0.57574515
95e8075a9_1,utterance_2.mp4,0.50551358
95e8075a9_1,utterance_3.mp4,0.37305136
95e8075a9_1,utterance_4.mp4,0.25495001
95e8075a9_1,utterance_5.mp4,0.43103126
95e8075a9_1,utterance_6.mp4,0.18653368
95e8075a9_1,utterance_7.mp4,0.34818875
95e8075a9_1,utterance_8.mp4,0.40578438
95e8075a9_1,utterance_9.mp4,0.26415563
95e8075a9_1,utterance_10.mp4,0.25625096
95e8075a9_1,utterance_11.mp4,0.2949416
95e8075a9_1,utterance_12.mp4,0.20393798
95e8075a9_1,utterance_13.mp4,0.11012117
95e8075a9_1,utterance_14.mp4,0.18136184
95e8075a9_1,utterance_15.mp4,0.35146162
95e8075a9_1,utterance_16.mp4,0.30308631
95e8075a9_1,utterance_17.mp4,0.23834794
95e8075a9_1,utterance_18.mp4,0.16377411
95e8075a9_1,utterance_19.mp4,0.11099289
95e8075a9_1,utterance_20.mp4,0.31461862
95e8075a9_1,utterance_21.mp4,0.12055482
95e8075a9_1,utterance_22.mp4,-0.03234713
95e8075a9_1,utterance_23.mp4,0.46024705
95e8075a9_1,utterance_25.mp4,0.05797399
95e8075a9_1,utterance_26.mp4,0.19390493
95e8075a9_1,utterance_27.mp4,0.10388147
95e8075a9_1,utterance_28.mp4,0.2795145
95e8075a9_1,utterance_29.mp4,0.19788659
95e8075a9_1,utterance_30.mp4,0.11756088
95e8075a9_1,utterance_31.mp4,0.45000435
95e8075a9_1,utterance_32.mp4,0.10954298
95e8075a9_1,utterance_33.mp4,0.07996048
95e8075a9_1,utterance_34.mp4,0.30126714
95e8075a9_1,utterance_35.mp4,0.29343468
95e8075a9_1,utterance_36.mp4,0.11160457
95e8075a9_1,utterance_37.mp4,0.0350676
95e8075a9_1,utterance_38.mp4,0.13624404
95e8075a9_1,utterance_39.mp4,0.31341626
95e8075a9_1,utterance_40.mp4,0.38144715
95e8075a9_1,utterance_41.mp4,0.13792654
95e8075a9_1,utterance_42.mp4,0.19110738
481f43809_1,utterance_1.mp4,0.0976783
481f43809_1,utterance_3.mp4,0.16119054
481f43809_1,utterance_4.mp4,0.17073062
481f43809_1,utterance_6.mp4,0.04375931
481f43809_1,utterance_7.mp4,0.16664293
481f43809_1,utterance_8.mp4,0.12640284
481f43809_1,utterance_9.mp4,0.06495967
481f43809_1,utterance_10.mp4,0.09099824
481f43809_1,utterance_11.mp4,0.08421348
481f43809_1,utterance_12.mp4,0.13387088
481f43809_1,utterance_13.mp4,0.26567718
481f43809_1,utterance_16.mp4,0.21245943
481f43809_1,utterance_17.mp4,0.13096628
481f43809_1,utterance_18.mp4,0.16672593
481f43809_1,utterance_19.mp4,0.02996399
481f43809_1,utterance_20.mp4,0.32831835
481f43809_1,utterance_21.mp4,0.25836878
481f43809_1,utterance_22.mp4,0.17604261
481f43809_1,utterance_23.mp4,0.246964
481f43809_1,utterance_24.mp4,0.27684233
481f43809_1,utterance_25.mp4,0.26550509
481f43809_1,utterance_26.mp4,0.38780328
481f43809_1,utterance_27.mp4,0.31588837
481f43809_1,utterance_28.mp4,0.04583614
481f43809_1,utterance_29.mp4,0.21077444
481f43809_1,utterance_30.mp4,0.46043053
481f43809_1,utterance_33.mp4,0.25356635
481f43809_1,utterance_34.mp4,0.45927355
481f43809_1,utterance_35.mp4,0.43209075
789c8d525_1,utterance_1.mp4,0.53388758
789c8d525_1,utterance_2.mp4,0.58436164
789c8d525_1,utterance_3.mp4,0.51999809
8555b6134_1,utterance_1.mp4,0.59926398
8555b6134_1,utterance_2.mp4,0.6972224
8555b6134_1,utterance_3.mp4,0.59612647
8555b6134_1,utterance_4.mp4,0.57030285
8555b6134_1,utterance_6.mp4,0.69304859
8555b6134_1,utterance_7.mp4,0.55158796
8555b6134_1,utterance_8.mp4,0.57418812
8555b6134_1,utterance_9.mp4,0.40243418
8555b6134_1,utterance_10.mp4,0.52642859
71091df7b_4,utterance_49.mp4,0.30990792
71091df7b_4,utterance_50.mp4,0.46235502
71091df7b_4,utterance_51.mp4,0.32363255
71091df7b_4,utterance_52.mp4,0.28043779
71091df7b_4,utterance_53.mp4,0.25100213
71091df7b_4,utterance_54.mp4,0.20880725
71091df7b_4,utterance_55.mp4,0.72456262
71091df7b_4,utterance_56.mp4,0.47695386
71091df7b_4,utterance_57.mp4,0.69837202
71091df7b_4,utterance_58.mp4,0.55554394
71091df7b_4,utterance_59.mp4,0.59867528
71091df7b_8,utterance_103.mp4,0.50431369
71091df7b_8,utterance_104.mp4,0.3966977
71091df7b_8,utterance_105.mp4,0.38261473
71091df7b_8,utterance_106.mp4,0.26656516
71091df7b_8,utterance_107.mp4,0.2736632
71091df7b_8,utterance_108.mp4,0.29226852
c22c67af7_1,utterance_15.mp4,0.22022694
c22c67af7_1,utterance_16.mp4,0.28631895
c22c67af7_1,utterance_17.mp4,0.59436612
c22c67af7_1,utterance_18.mp4,0.11368424
c22c67af7_1,utterance_19.mp4,0.29046191
c22c67af7_1,utterance_20.mp4,0.63116448
c22c67af7_1,utterance_21.mp4,0.40277535
c22c67af7_1,utterance_22.mp4,0.14325806
c22c67af7_1,utterance_23.mp4,0.23898338
c22c67af7_1,utterance_24.mp4,0.10702641
d2ed51271_1,utterance_1.mp4,0.42274999
d2ed51271_1,utterance_2.mp4,0.34073439
d2ed51271_1,utterance_3.mp4,0.63078966
d2ed51271_1,utterance_4.mp4,0.44887405
0e02ee3c5_1,utterance_1.mp4,0.40717159
0e02ee3c5_1,utterance_2.mp4,0.41776829
0e02ee3c5_1,utterance_3.mp4,0.39453751
0e02ee3c5_1,utterance_4.mp4,0.24099342
0e02ee3c5_1,utterance_5.mp4,0.17075534
0e02ee3c5_1,utterance_6.mp4,0.22160854
0e02ee3c5_1,utterance_7.mp4,0.51908168
0e02ee3c5_1,utterance_8.mp4,0.33349979
0e02ee3c5_1,utterance_9.mp4,0.10416709
1add840e2_2,utterance_12.mp4,0.47787806
1add840e2_2,utterance_13.mp4,0.30447956
1add840e2_2,utterance_14.mp4,0.08303246
1add840e2_2,utterance_15.mp4,0.06283412
1add840e2_2,utterance_16.mp4,0.2686038
1add840e2_2,utterance_19.mp4,0.39350088
1add840e2_2,utterance_20.mp4,0.74619533
1add840e2_2,utterance_21.mp4,0.25711666
1add840e2_2,utterance_22.mp4,0.14177038
1add840e2_2,utterance_23.mp4,0.26786015
1add840e2_2,utterance_24.mp4,0.12392015
1add840e2_2,utterance_25.mp4,0.20440529
1add840e2_2,utterance_26.mp4,0.25006432
1add840e2_2,utterance_27.mp4,0.10589968
1add840e2_2,utterance_28.mp4,0.01349303
2af27e034_2,utterance_10.mp4,0.39495372
2af27e034_2,utterance_11.mp4,0.54097375
2af27e034_2,utterance_12.mp4,0.42232565
2af27e034_2,utterance_13.mp4,0.32845945
2af27e034_2,utterance_14.mp4,0.34120683
2af27e034_2,utterance_15.mp4,0.34114846
2af27e034_2,utterance_16.mp4,0.44051087
2af27e034_2,utterance_17.mp4,0.56072503
2af27e034_2,utterance_18.mp4,0.39512141
2af27e034_2,utterance_19.mp4,0.37324364
2af27e034_2,utterance_20.mp4,0.26896781
2af27e034_2,utterance_21.mp4,0.33610173
2c6068729_1,utterance_1.mp4,0.8103624
2c6068729_1,utterance_2.mp4,0.76906554
2c6068729_1,utterance_3.mp4,0.7064802
2c6068729_1,utterance_4.mp4,0.66841698
2c6068729_1,utterance_5.mp4,0.72279385
2c6068729_1,utterance_6.mp4,0.72169585
2c6068729_1,utterance_7.mp4,0.65466943
2c6068729_1,utterance_8.mp4,0.60457386
2c6068729_1,utterance_11.mp4,0.80821477
2c6068729_1,utterance_12.mp4,0.69780616
2debca276_8,utterance_72.mp4,0.67942459
2debca276_8,utterance_73.mp4,0.70804349
2debca276_8,utterance_74.mp4,0.41194336
2debca276_8,utterance_75.mp4,0.60922954
2debca276_8,utterance_76.mp4,0.56736418
2debca276_8,utterance_77.mp4,0.64066401
2debca276_8,utterance_78.mp4,0.74550149
2debca276_8,utterance_79.mp4,0.66147315
2debca276_9,utterance_80.mp4,0.70837514
2debca276_9,utterance_81.mp4,0.58566733
2debca276_9,utterance_82.mp4,0.66316802
2debca276_9,utterance_83.mp4,0.74808238
2debca276_9,utterance_85.mp4,0.70686915
2debca276_9,utterance_86.mp4,0.7149385
2debca276_9,utterance_87.mp4,0.58179587
2debca276_9,utterance_88.mp4,0.65435883
2debca276_9,utterance_90.mp4,0.44085329
2debca276_9,utterance_91.mp4,0.49904767
2debca276_9,utterance_92.mp4,0.59526762
2debca276_10,utterance_93.mp4,0.52528152
2debca276_10,utterance_94.mp4,0.65433395
2debca276_10,utterance_95.mp4,0.62566387
2debca276_10,utterance_97.mp4,0.76291567
2debca276_10,utterance_98.mp4,0.67768642
2debca276_10,utterance_99.mp4,0.61042728
2debca276_10,utterance_101.mp4,0.66616499
2debca276_10,utterance_102.mp4,0.68105641
2debca276_10,utterance_104.mp4,0.36424462
2debca276_10,utterance_105.mp4,0.54266498
3c22d7086_1,utterance_11.mp4,0.46374946
3c22d7086_1,utterance_12.mp4,0.32987153
3c22d7086_1,utterance_13.mp4,0.35592874
3ecbd1402_4,utterance_49.mp4,0.40607862
3ecbd1402_4,utterance_50.mp4,0.44663711
3ecbd1402_4,utterance_51.mp4,0.65632646
3ecbd1402_4,utterance_52.mp4,0.52239649
3ecbd1402_4,utterance_53.mp4,0.48451608
3ecbd1402_4,utterance_54.mp4,0.48254762
3ecbd1402_4,utterance_55.mp4,0.34587435
3ecbd1402_7,utterance_91.mp4,0.49179114
3ecbd1402_7,utterance_92.mp4,0.57189185
3ecbd1402_7,utterance_93.mp4,0.28017137
3ecbd1402_7,utterance_94.mp4,0.61220632
3ecbd1402_8,utterance_107.mp4,0.67578089
3ecbd1402_8,utterance_108.mp4,0.39587175
3ecbd1402_8,utterance_109.mp4,0.22512745
4b8bb9418_1,utterance_12.mp4,0.12333032
4b8bb9418_1,utterance_13.mp4,0.28403107
4b8bb9418_1,utterance_14.mp4,0.51721365
4b8bb9418_1,utterance_15.mp4,0.18640825
4b8bb9418_1,utterance_16.mp4,0.41399084
4b8bb9418_1,utterance_17.mp4,0.32099322
4b8bb9418_1,utterance_18.mp4,0.3297765
7d0084def_2,utterance_16.mp4,0.39677159
7d0084def_2,utterance_17.mp4,0.56211417
7d0084def_2,utterance_18.mp4,0.35498253
7d0084def_2,utterance_19.mp4,0.54745257
7d0084def_2,utterance_21.mp4,0.40381497
9c3a9bce7_3,utterance_97.mp4,0.56022622
9c3a9bce7_3,utterance_98.mp4,0.62991582
9c3a9bce7_3,utterance_99.mp4,0.4880643
9c3a9bce7_3,utterance_101.mp4,0.58887009
9c3a9bce7_3,utterance_102.mp4,0.67577304
22e9f018d_5,utterance_126.mp4,0.5301949
22e9f018d_5,utterance_127.mp4,0.44431265
22e9f018d_5,utterance_128.mp4,0.67417101
22e9f018d_5,utterance_129.mp4,0.23459917
22e9f018d_5,utterance_130.mp4,0.51829606
22e9f018d_5,utterance_131.mp4,0.41632963
22e9f018d_5,utterance_132.mp4,0.19667706
22e9f018d_5,utterance_133.mp4,0.66791503
39a0f8534_1,utterance_3.mp4,0.44735167
39a0f8534_1,utterance_4.mp4,0.18317715
39a0f8534_1,utterance_5.mp4,0.32171295
39a0f8534_1,utterance_6.mp4,0.40807146
39a0f8534_1,utterance_7.mp4,0.54277115
39a0f8534_1,utterance_9.mp4,0.19406965
39a0f8534_1,utterance_10.mp4,0.42185424
39a0f8534_1,utterance_11.mp4,0.50532476
39a0f8534_1,utterance_12.mp4,0.27998876
39a0f8534_1,utterance_13.mp4,0.42942736
39a0f8534_1,utterance_14.mp4,0.59860515
39a0f8534_1,utterance_15.mp4,0.24445226
39a0f8534_1,utterance_16.mp4,0.39528888
39a0f8534_1,utterance_17.mp4,0.19973206
39a0f8534_1,utterance_18.mp4,0.50467186
39a0f8534_1,utterance_19.mp4,0.48562734
39a0f8534_1,utterance_20.mp4,0.78490532
39a0f8534_1,utterance_21.mp4,0.30959129
39a0f8534_1,utterance_22.mp4,0.73113773
39a0f8534_1,utterance_23.mp4,0.27444329
39a0f8534_1,utterance_24.mp4,0.3025282
39a0f8534_1,utterance_25.mp4,0.4612343
39a0f8534_2,utterance_27.mp4,0.48966075
39a0f8534_2,utterance_28.mp4,0.72168764
39a0f8534_2,utterance_29.mp4,0.6605836
39a0f8534_2,utterance_30.mp4,0.60125503
39a0f8534_2,utterance_31.mp4,0.16130645
39a0f8534_2,utterance_32.mp4,0.21666968
64b27f54f_5,utterance_76.mp4,0.13258044
64b27f54f_5,utterance_77.mp4,0.28728313
64b27f54f_5,utterance_78.mp4,0.18083026
64b27f54f_5,utterance_79.mp4,0.35375347
64b27f54f_5,utterance_80.mp4,0.42820063
64b27f54f_5,utterance_81.mp4,0.16096168
64b27f54f_5,utterance_82.mp4,0.28291638
78a906313_2,utterance_8.mp4,0.34764917
78a906313_2,utterance_9.mp4,0.40512876
78a906313_2,utterance_10.mp4,0.49547697
78a906313_2,utterance_11.mp4,0.53978829
78a906313_2,utterance_12.mp4,0.53752659
78a906313_2,utterance_13.mp4,0.43787288
78a906313_2,utterance_14.mp4,0.47746779
78a906313_2,utterance_15.mp4,0.41895446
78a906313_2,utterance_16.mp4,0.46417004
78a906313_2,utterance_17.mp4,0.44646313
78a906313_2,utterance_18.mp4,0.44744822
78a906313_2,utterance_19.mp4,0.46729046
78a906313_2,utterance_20.mp4,0.53058297
78a906313_2,utterance_21.mp4,0.48733933
78a906313_2,utterance_22.mp4,0.31989721
78a906313_8,utterance_90.mp4,0.47662934
78a906313_8,utterance_91.mp4,0.43929259
78a906313_8,utterance_92.mp4,0.23039961
78a906313_9,utterance_93.mp4,0.38333289
78a906313_9,utterance_94.mp4,0.510245
78a906313_9,utterance_95.mp4,0.54154817
78a906313_9,utterance_97.mp4,0.44528767
78a906313_9,utterance_98.mp4,0.33021733
78a906313_9,utterance_99.mp4,0.31484824
78a906313_9,utterance_100.mp4,0.45011781
78a906313_9,utterance_101.mp4,0.26871687
78a906313_9,utterance_102.mp4,0.40844426
78a906313_9,utterance_103.mp4,0.3586355
78a906313_9,utterance_104.mp4,0.42908777
78a906313_9,utterance_105.mp4,0.4261449
78a906313_9,utterance_106.mp4,0.37729528
78a906313_9,utterance_107.mp4,0.35917344
78a906313_9,utterance_108.mp4,0.3314782
78a906313_9,utterance_109.mp4,0.41073789
78a906313_9,utterance_110.mp4,0.30854312
78a906313_9,utterance_111.mp4,0.35459546
78a906313_9,utterance_112.mp4,0.36610032
78a906313_9,utterance_113.mp4,0.37355669
78a906313_9,utterance_114.mp4,0.29726573
78a906313_15,utterance_168.mp4,0.4542077
78a906313_15,utterance_169.mp4,0.331254
78a906313_15,utterance_170.mp4,0.51859478
78a906313_15,utterance_171.mp4,0.35823514
78a906313_15,utterance_172.mp4,0.25624175
78a906313_15,utterance_173.mp4,0.47299936
105a3c08f_2,utterance_36.mp4,0.47299936
105a3c08f_2,utterance_37.mp4,0.47299936
105a3c08f_2,utterance_38.mp4,0.47299936
105a3c08f_2,utterance_39.mp4,0.47299936
664ea0ccc_2,utterance_7.mp4,0.40886087
664ea0ccc_2,utterance_8.mp4,0.61915332
664ea0ccc_2,utterance_9.mp4,0.08001237
664ea0ccc_2,utterance_10.mp4,0.18418798
664ea0ccc_2,utterance_11.mp4,0.20238043
664ea0ccc_2,utterance_12.mp4,0.50861471
664ea0ccc_2,utterance_13.mp4,0.46230854
664ea0ccc_2,utterance_14.mp4,0.40026167
664ea0ccc_2,utterance_15.mp4,0.27764647
664ea0ccc_2,utterance_16.mp4,0.19841703
664ea0ccc_2,utterance_17.mp4,0.3640628
664ea0ccc_2,utterance_18.mp4,0.51360097
664ea0ccc_2,utterance_19.mp4,0.1442237
664ea0ccc_2,utterance_20.mp4,0.18087388
664ea0ccc_2,utterance_21.mp4,0.20442741
664ea0ccc_2,utterance_22.mp4,0.29622295
664ea0ccc_2,utterance_23.mp4,0.271653
664ea0ccc_2,utterance_24.mp4,0.1384275
664ea0ccc_2,utterance_25.mp4,0.1455716
664ea0ccc_2,utterance_26.mp4,0.14072064
664ea0ccc_2,utterance_27.mp4,0.19391789
664ea0ccc_2,utterance_28.mp4,0.36524333
664ea0ccc_2,utterance_29.mp4,0.6140684
664ea0ccc_2,utterance_30.mp4,0.22725159
664ea0ccc_2,utterance_31.mp4,0.17193597
664ea0ccc_2,utterance_32.mp4,0.26321706
664ea0ccc_2,utterance_33.mp4,0.29854964
664ea0ccc_2,utterance_34.mp4,0.40896394
664ea0ccc_2,utterance_35.mp4,0.11617799
664ea0ccc_2,utterance_36.mp4,0.15557478
664ea0ccc_2,utterance_37.mp4,0.1691295
664ea0ccc_4,utterance_77.mp4,0.10556219
664ea0ccc_4,utterance_78.mp4,0.06261445
664ea0ccc_4,utterance_79.mp4,0.14131586
664ea0ccc_4,utterance_80.mp4,0.24332295
664ea0ccc_4,utterance_81.mp4,0.25544464
664ea0ccc_4,utterance_82.mp4,0.19563319
664ea0ccc_4,utterance_83.mp4,0.20027689
664ea0ccc_4,utterance_85.mp4,0.20067224
664ea0ccc_4,utterance_86.mp4,0.31536597
664ea0ccc_4,utterance_87.mp4,0.46375797
664ea0ccc_4,utterance_88.mp4,0.17301094
664ea0ccc_7,utterance_122.mp4,0.26215369
664ea0ccc_7,utterance_123.mp4,0.33382914
664ea0ccc_7,utterance_124.mp4,0.13389507
664ea0ccc_7,utterance_125.mp4,0.27144544
664ea0ccc_7,utterance_126.mp4,0.33758177
664ea0ccc_7,utterance_128.mp4,0.18234487
664ea0ccc_7,utterance_129.mp4,0.15563664
664ea0ccc_7,utterance_130.mp4,0.30034175
664ea0ccc_7,utterance_131.mp4,0.37221984
664ea0ccc_7,utterance_132.mp4,0.35311693
664ea0ccc_7,utterance_133.mp4,0.67676581
664ea0ccc_7,utterance_134.mp4,0.23188084
664ea0ccc_7,utterance_135.mp4,0.33096617
664ea0ccc_7,utterance_136.mp4,0.30300856
664ea0ccc_7,utterance_137.mp4,0.38772705
664ea0ccc_7,utterance_138.mp4,0.08627915
664ea0ccc_7,utterance_139.mp4,0.09341031
664ea0ccc_9,utterance_164.mp4,0.1229606
664ea0ccc_9,utterance_165.mp4,0.04458043
664ea0ccc_9,utterance_166.mp4,0.16488665
664ea0ccc_9,utterance_167.mp4,0.09044492
664ea0ccc_9,utterance_168.mp4,0.10550267
664ea0ccc_9,utterance_169.mp4,0.10663257
664ea0ccc_9,utterance_170.mp4,0.02177994
664ea0ccc_9,utterance_171.mp4,0.3414208
664ea0ccc_9,utterance_172.mp4,0.1544499
664ea0ccc_9,utterance_173.mp4,0.25117139
664ea0ccc_9,utterance_174.mp4,0.16714033
664ea0ccc_9,utterance_175.mp4,0.41516096
664ea0ccc_9,utterance_176.mp4,0.09576792
664ea0ccc_9,utterance_177.mp4,0.35521697
664ea0ccc_9,utterance_178.mp4,0.10195172
664ea0ccc_9,utterance_179.mp4,0.21887514
664ea0ccc_9,utterance_180.mp4,0.35542999
664ea0ccc_9,utterance_181.mp4,0.08447781
664ea0ccc_9,utterance_182.mp4,0.0702175
664ea0ccc_9,utterance_183.mp4,0.03040234
664ea0ccc_9,utterance_184.mp4,0.04824714
664ea0ccc_12,utterance_242.mp4,0.17118417
664ea0ccc_12,utterance_244.mp4,0.36268287
664ea0ccc_12,utterance_245.mp4,0.24748426
664ea0ccc_12,utterance_246.mp4,0.10074872
664ea0ccc_12,utterance_247.mp4,0.57896927
664ea0ccc_12,utterance_248.mp4,0.47347039
664ea0ccc_12,utterance_249.mp4,0.51701689
664ea0ccc_12,utterance_250.mp4,0.46679252
664ea0ccc_12,utterance_253.mp4,0.52519264
664ea0ccc_12,utterance_254.mp4,0.36358728
664ea0ccc_12,utterance_255.mp4,0.3976177
664ea0ccc_12,utterance_256.mp4,0.37125795
664ea0ccc_28,utterance_626.mp4,0.24736138
664ea0ccc_28,utterance_627.mp4,0.22437676
664ea0ccc_28,utterance_628.mp4,0.33491921
664ea0ccc_28,utterance_629.mp4,0.09368293
664ea0ccc_28,utterance_630.mp4,0.2466666
664ea0ccc_28,utterance_631.mp4,0.47009202
664ea0ccc_28,utterance_632.mp4,0.24631821
664ea0ccc_28,utterance_633.mp4,0.08707711
664ea0ccc_28,utterance_634.mp4,0.27796086
664ea0ccc_28,utterance_635.mp4,0.21963923
664ea0ccc_28,utterance_636.mp4,0.40650998
664ea0ccc_28,utterance_637.mp4,0.06285858
664ea0ccc_28,utterance_638.mp4,0.47139014
664ea0ccc_28,utterance_639.mp4,0.20406189
664ea0ccc_28,utterance_640.mp4,0.12995523
664ea0ccc_28,utterance_641.mp4,0.20510615
664ea0ccc_28,utterance_642.mp4,0.07737427
664ea0ccc_39,utterance_825.mp4,0.37453229
664ea0ccc_39,utterance_826.mp4,0.34862365
664ea0ccc_39,utterance_827.mp4,0.50825635
664ea0ccc_39,utterance_828.mp4,0.48028371
664ea0ccc_39,utterance_829.mp4,0.52614622
664ea0ccc_39,utterance_830.mp4,0.5938081
664ea0ccc_39,utterance_831.mp4,0.43116742
664ea0ccc_39,utterance_832.mp4,0.44272251
664ea0ccc_39,utterance_833.mp4,0.2968788
664ea0ccc_39,utterance_834.mp4,0.61778523
664ea0ccc_44,utterance_894.mp4,0.47461121
664ea0ccc_44,utterance_895.mp4,0.43819683
664ea0ccc_44,utterance_896.mp4,0.65273647
664ea0ccc_44,utterance_897.mp4,0.50397117
664ea0ccc_44,utterance_898.mp4,0.59349228
664ea0ccc_44,utterance_899.mp4,0.67203213
664ea0ccc_44,utterance_900.mp4,0.73381025
664ea0ccc_44,utterance_901.mp4,0.36861383
664ea0ccc_44,utterance_902.mp4,0.73986407
664ea0ccc_44,utterance_903.mp4,0.66358198
664ea0ccc_44,utterance_904.mp4,0.47239477
664ea0ccc_44,utterance_905.mp4,0.37241356
664ea0ccc_44,utterance_906.mp4,0.21230084
664ea0ccc_44,utterance_907.mp4,0.59951765
119334435_6,utterance_138.mp4,0.42591257
119334435_6,utterance_142.mp4,0.39422645
119334435_6,utterance_145.mp4,0.40339956
119334435_6,utterance_149.mp4,0.20067619
119334435_6,utterance_150.mp4,0.10229155
b018c03de_2,utterance_13.mp4,0.778863
b018c03de_2,utterance_14.mp4,0.80664211
b018c03de_2,utterance_15.mp4,0.77867116
b018c03de_2,utterance_16.mp4,0.8193571
b018c03de_2,utterance_17.mp4,0.58947424
b018c03de_2,utterance_18.mp4,0.73993207
b018c03de_6,utterance_36.mp4,0.65398985
b018c03de_6,utterance_37.mp4,0.7532123
b018c03de_6,utterance_38.mp4,0.76193136
b018c03de_11,utterance_71.mp4,0.59047396
b018c03de_11,utterance_72.mp4,0.85514208
b018c03de_11,utterance_73.mp4,0.7940131
b018c03de_11,utterance_74.mp4,0.7883302
b018c03de_11,utterance_75.mp4,0.80852135
b018c03de_11,utterance_76.mp4,0.75249494
b018c03de_14,utterance_94.mp4,0.75215524
b018c03de_14,utterance_95.mp4,0.76562138
b018c03de_14,utterance_96.mp4,0.56788323
b018c03de_14,utterance_98.mp4,0.88099293
b018c03de_15,utterance_99.mp4,0.60845385
b018c03de_15,utterance_100.mp4,0.80486807
b018c03de_15,utterance_101.mp4,0.69907713
b018c03de_15,utterance_102.mp4,0.52413651
b018c03de_15,utterance_103.mp4,0.7566122
b018c03de_15,utterance_104.mp4,0.73467358
b018c03de_15,utterance_105.mp4,0.7170387
b018c03de_15,utterance_106.mp4,0.70374785
b018c03de_15,utterance_107.mp4,0.71526745
b018c03de_15,utterance_108.mp4,0.78672937
b018c03de_15,utterance_109.mp4,0.69734612
b018c03de_15,utterance_110.mp4,0.81795052
b748addbd_3,utterance_60.mp4,0.4463205
b748addbd_3,utterance_61.mp4,0.38343391
b748addbd_3,utterance_62.mp4,0.44490486
b748addbd_3,utterance_63.mp4,0.75821248
b748addbd_3,utterance_64.mp4,0.54716837
b748addbd_3,utterance_65.mp4,0.63797256
b748addbd_3,utterance_67.mp4,0.63168635
b748addbd_3,utterance_68.mp4,0.54885718
b748addbd_3,utterance_69.mp4,0.62677669
c2b9c66f3_3,utterance_29.mp4,0.2894086
c2b9c66f3_3,utterance_30.mp4,0.16465472
c2b9c66f3_3,utterance_32.mp4,0.20613684
c2b9c66f3_3,utterance_33.mp4,0.37168566
c2b9c66f3_3,utterance_34.mp4,0.28029724
c2b9c66f3_3,utterance_36.mp4,0.2408791
c2b9c66f3_3,utterance_37.mp4,0.35600128
c2b9c66f3_3,utterance_39.mp4,0.37038418
c2b9c66f3_3,utterance_40.mp4,0.31972069
c2b9c66f3_3,utterance_42.mp4,0.30449437
c2b9c66f3_3,utterance_45.mp4,0.22987682
c2b9c66f3_3,utterance_46.mp4,0.2889407
c2b9c66f3_3,utterance_47.mp4,0.18616835
c2b9c66f3_7,utterance_80.mp4,0.3816971
c2b9c66f3_7,utterance_81.mp4,0.33196348
c2b9c66f3_7,utterance_82.mp4,0.27628774
c2b9c66f3_7,utterance_83.mp4,0.22290252
c2b9c66f3_7,utterance_84.mp4,0.34157692
c2b9c66f3_7,utterance_85.mp4,0.18388447
c2b9c66f3_7,utterance_86.mp4,0.23153108
c2b9c66f3_7,utterance_87.mp4,0.159075
ca88e9866_1,utterance_1.mp4,0.64377024
ca88e9866_1,utterance_2.mp4,0.50371229
ca88e9866_1,utterance_3.mp4,0.39436669
ca88e9866_1,utterance_4.mp4,0.19981884
ca88e9866_3,utterance_22.mp4,0.30494442
ca88e9866_3,utterance_23.mp4,0.53106849
ca88e9866_3,utterance_24.mp4,0.27275425
ca88e9866_3,utterance_25.mp4,0.30398879
ca88e9866_3,utterance_26.mp4,0.36034688
ca88e9866_3,utterance_27.mp4,0.62086944
ca88e9866_3,utterance_28.mp4,0.54815831
ca88e9866_3,utterance_29.mp4,0.40081697
cc73c27b5_1,utterance_8.mp4,0.66807672
cc73c27b5_1,utterance_9.mp4,0.17740839
cc73c27b5_1,utterance_10.mp4,0.52793689
cc73c27b5_1,utterance_11.mp4,0.57545769
cc73c27b5_1,utterance_12.mp4,0.47281922
cc73c27b5_1,utterance_13.mp4,0.70391286
cc73c27b5_1,utterance_14.mp4,0.52184797
cc73c27b5_3,utterance_22.mp4,0.65752064
cc73c27b5_3,utterance_23.mp4,0.6495819
cc73c27b5_3,utterance_24.mp4,0.58020997
cc73c27b5_3,utterance_26.mp4,0.3992041
d4ac08bf0_1,utterance_1.mp4,0.17865937
d4ac08bf0_1,utterance_2.mp4,0.52458396
d4ac08bf0_1,utterance_3.mp4,0.56676184
d4ac08bf0_1,utterance_4.mp4,0.41312318
d4ac08bf0_1,utterance_5.mp4,0.34566196
d4ac08bf0_1,utterance_6.mp4,0.28072175
d4ac08bf0_1,utterance_7.mp4,0.56995846
d4ac08bf0_1,utterance_8.mp4,0.42056178
d4ac08bf0_1,utterance_9.mp4,0.76036019
d4ac08bf0_1,utterance_10.mp4,0.67642809
d4ac08bf0_1,utterance_11.mp4,0.54566517
d4ac08bf0_1,utterance_12.mp4,0.77047119
d4ac08bf0_1,utterance_13.mp4,0.72318198
d4ac08bf0_1,utterance_14.mp4,0.5053063
d4ac08bf0_1,utterance_15.mp4,0.45576244
d4ac08bf0_1,utterance_17.mp4,0.54478004
d4ac08bf0_1,utterance_18.mp4,0.45847281
d4c1c74d6_1,utterance_1.mp4,0.83249424
d4c1c74d6_1,utterance_2.mp4,0.86211693
d4c1c74d6_1,utterance_3.mp4,0.74529985
d4c1c74d6_1,utterance_4.mp4,0.80165652
d4c1c74d6_1,utterance_5.mp4,0.75504096
d4c1c74d6_1,utterance_6.mp4,0.77451684
d4c1c74d6_1,utterance_7.mp4,0.64532399
d4c1c74d6_1,utterance_8.mp4,0.68662419
d4c1c74d6_1,utterance_9.mp4,0.7413156
d4c1c74d6_1,utterance_10.mp4,0.67962619
d4c1c74d6_1,utterance_11.mp4,0.59678075
d4c1c74d6_1,utterance_12.mp4,0.67744082
d4c1c74d6_1,utterance_13.mp4,0.73152819
d4c1c74d6_1,utterance_14.mp4,0.68278482
d4c1c74d6_1,utterance_15.mp4,0.77911563
d4c1c74d6_1,utterance_16.mp4,0.74343907
d4c1c74d6_1,utterance_17.mp4,0.65429366
d4c1c74d6_1,utterance_18.mp4,0.66458543
d4c1c74d6_1,utterance_19.mp4,0.73309993
d4c1c74d6_1,utterance_20.mp4,0.7873221
d4c1c74d6_1,utterance_21.mp4,0.68502077
d4c1c74d6_1,utterance_22.mp4,0.74431172
d4c1c74d6_5,utterance_60.mp4,0.82777979
d4c1c74d6_5,utterance_61.mp4,0.77791549
d4c1c74d6_5,utterance_62.mp4,0.82297293
d4c1c74d6_5,utterance_63.mp4,0.66784767
d4c1c74d6_5,utterance_64.mp4,0.81019692
d4c1c74d6_5,utterance_65.mp4,0.81267647
d51aee260_8,utterance_170.mp4,0.61771872
d51aee260_8,utterance_172.mp4,0.23270707
d51aee260_8,utterance_173.mp4,0.04382043
d51aee260_8,utterance_174.mp4,0.07417922
d51aee260_8,utterance_175.mp4,-0.01479916
d51aee260_8,utterance_176.mp4,0.14824399
d51aee260_8,utterance_177.mp4,0.05629251
d51aee260_8,utterance_178.mp4,0.15125603
d51aee260_8,utterance_179.mp4,0.09954603
d51aee260_8,utterance_180.mp4,0.13344983
d51aee260_8,utterance_181.mp4,0.1870541
d51aee260_8,utterance_182.mp4,0.14698414
d51aee260_8,utterance_183.mp4,0.13819262
dce7e5d5f_10,utterance_140.mp4,0.45209478
dce7e5d5f_10,utterance_142.mp4,0.35235798
dce7e5d5f_10,utterance_144.mp4,0.20817413
dce7e5d5f_10,utterance_145.mp4,0.17562607
dce7e5d5f_10,utterance_146.mp4,0.72056759
dce7e5d5f_12,utterance_167.mp4,0.38665787
dce7e5d5f_12,utterance_168.mp4,0.54848244
dce7e5d5f_12,utterance_169.mp4,0.60910085
dce7e5d5f_12,utterance_170.mp4,0.40655103
dce7e5d5f_12,utterance_171.mp4,0.39763463
dce7e5d5f_12,utterance_172.mp4,0.53297189
dce7e5d5f_12,utterance_173.mp4,0.35794471
dce7e5d5f_13,utterance_175.mp4,0.60939706
dce7e5d5f_13,utterance_176.mp4,0.8404449
dce7e5d5f_13,utterance_177.mp4,0.84107202
dce7e5d5f_13,utterance_178.mp4,0.86757949
dce7e5d5f_13,utterance_179.mp4,0.80448923
dce7e5d5f_13,utterance_180.mp4,0.99475368
dce7e5d5f_13,utterance_181.mp4,0.54928524
e3b57cfd8_6,utterance_92.mp4,0.3032382
e3b57cfd8_6,utterance_95.mp4,0.3182603
e3b57cfd8_6,utterance_98.mp4,0.29677316
e3b57cfd8_6,utterance_99.mp4,0.27931907
e3b57cfd8_9,utterance_150.mp4,0.22137223
e3b57cfd8_9,utterance_151.mp4,0.29046333
e3b57cfd8_9,utterance_154.mp4,0.41481202
e3b57cfd8_9,utterance_155.mp4,0.43235826
e3b57cfd8_9,utterance_156.mp4,0.49615627
e3b57cfd8_9,utterance_157.mp4,0.4548426
e3b57cfd8_9,utterance_158.mp4,0.48881958
e3b57cfd8_9,utterance_159.mp4,0.32286878
f1f277e5d_3,utterance_25.mp4,0.36236314
f1f277e5d_3,utterance_26.mp4,0.4308605
f1f277e5d_3,utterance_27.mp4,0.44267211
0bc7d4e50_1,utterance_2.mp4,0.58652301
0bc7d4e50_1,utterance_4.mp4,0.73631846
0bc7d4e50_1,utterance_5.mp4,0.33298208
0bc7d4e50_1,utterance_6.mp4,0.647806
0bc7d4e50_1,utterance_7.mp4,0.40996785
0bc7d4e50_1,utterance_8.mp4,0.65942342
0bc7d4e50_2,utterance_12.mp4,0.59621128
0bc7d4e50_2,utterance_13.mp4,0.6045357
0bc7d4e50_2,utterance_14.mp4,0.62358801
0bc7d4e50_2,utterance_15.mp4,0.66855357
0d6bef743_1,utterance_1.mp4,0.69795514
0d6bef743_1,utterance_3.mp4,0.6163118
0d6bef743_1,utterance_4.mp4,0.40629887
0d6bef743_1,utterance_5.mp4,0.64163634
0d6bef743_1,utterance_6.mp4,0.41262747
0d6bef743_1,utterance_7.mp4,0.33978805
0d6bef743_1,utterance_10.mp4,0.34173891
0d6bef743_1,utterance_11.mp4,0.48115153
0d6bef743_1,utterance_12.mp4,0.38644583
0d6bef743_1,utterance_14.mp4,0.31008144
0d6bef743_1,utterance_16.mp4,0.53549929
0d6bef743_1,utterance_20.mp4,0.46762815
0d6bef743_1,utterance_21.mp4,0.51682023
0f2db282f_1,utterance_1.mp4,0.19396203
0f2db282f_1,utterance_2.mp4,0.21409966
0f2db282f_1,utterance_3.mp4,0.35034754
0f2db282f_1,utterance_4.mp4,0.29997267
0f2db282f_1,utterance_5.mp4,0.3134006
0f2db282f_1,utterance_6.mp4,0.2237025
1a8bcc78b_1,utterance_2.mp4,0.62023067
1a8bcc78b_1,utterance_3.mp4,0.5418768
1a8bcc78b_1,utterance_4.mp4,0.74357731
1a8bcc78b_1,utterance_5.mp4,0.66399818
1a8bcc78b_1,utterance_6.mp4,0.77783232
1a8bcc78b_1,utterance_7.mp4,0.78475137
1a8bcc78b_1,utterance_8.mp4,0.61730375
1a8bcc78b_2,utterance_10.mp4,0.68240955
1a8bcc78b_2,utterance_11.mp4,0.71355174
1a8bcc78b_2,utterance_12.mp4,0.78281934
1a8bcc78b_2,utterance_13.mp4,0.52020979
1d6088392_1,utterance_2.mp4,0.28742205
1d6088392_1,utterance_3.mp4,0.42700309
1d6088392_1,utterance_4.mp4,0.46415566
1d6088392_1,utterance_5.mp4,0.38547637
1d6088392_1,utterance_6.mp4,0.36375504
1d6088392_1,utterance_7.mp4,0.55635513
1d6088392_1,utterance_8.mp4,0.62817148
1d6088392_1,utterance_10.mp4,0.63620541
1d6088392_1,utterance_12.mp4,0.57754912
1d6088392_1,utterance_13.mp4,0.68664264
1d6088392_1,utterance_15.mp4,0.76548558
1d6088392_1,utterance_16.mp4,0.7953831
1ff5e505f_1,utterance_1.mp4,0.84046596
1ff5e505f_1,utterance_2.mp4,0.74061822
1ff5e505f_1,utterance_3.mp4,0.61405186
1ff24ecd9_1,utterance_1.mp4,0.57028243
1ff24ecd9_1,utterance_2.mp4,0.48796969
1ff24ecd9_1,utterance_3.mp4,0.48379638
1ff24ecd9_1,utterance_4.mp4,0.46487541
1ff24ecd9_1,utterance_5.mp4,0.70315325
1ff24ecd9_1,utterance_6.mp4,0.65623987
1ff24ecd9_1,utterance_7.mp4,0.66880837
1ff24ecd9_1,utterance_8.mp4,0.64984473
1ff24ecd9_1,utterance_9.mp4,0.3170028
1ff24ecd9_1,utterance_10.mp4,0.3100445
1ff24ecd9_1,utterance_11.mp4,0.55647392
1ff24ecd9_1,utterance_12.mp4,0.46331292
1ff24ecd9_1,utterance_13.mp4,0.48765886
1ff24ecd9_1,utterance_14.mp4,0.3678313
1ff24ecd9_1,utterance_16.mp4,0.53554573
1ff24ecd9_1,utterance_17.mp4,0.69023837
1ff24ecd9_1,utterance_19.mp4,0.52150609
1ff24ecd9_1,utterance_20.mp4,0.73029343
1ff24ecd9_1,utterance_21.mp4,0.28613952
2ac0083b6_1,utterance_45.mp4,0.47614729
2ac0083b6_1,utterance_59.mp4,0.57572302
2ac0083b6_1,utterance_62.mp4,0.66189701
2e84a2e3d_1,utterance_1.mp4,0.76988123
2e84a2e3d_1,utterance_2.mp4,0.71684272
2e84a2e3d_1,utterance_4.mp4,0.70122563
2e84a2e3d_1,utterance_5.mp4,0.72113589
2e84a2e3d_1,utterance_6.mp4,0.72993226
2e84a2e3d_1,utterance_7.mp4,0.59337313
2e84a2e3d_1,utterance_9.mp4,0.82320267
3c8d3c2e6_1,utterance_1.mp4,0.64007368
3c8d3c2e6_1,utterance_2.mp4,0.51450487
3c8d3c2e6_1,utterance_3.mp4,0.6904142
3c8d3c2e6_1,utterance_4.mp4,0.51817049
3c8d3c2e6_1,utterance_5.mp4,0.65846142
3c8d3c2e6_1,utterance_9.mp4,0.58080401
3c8d3c2e6_1,utterance_10.mp4,0.48630747
3cacac634_1,utterance_1.mp4,0.7081798
3cacac634_1,utterance_3.mp4,0.63616792
3cacac634_1,utterance_5.mp4,0.73934454
3cacac634_1,utterance_6.mp4,0.57500681
3cacac634_1,utterance_7.mp4,0.55712855
3cacac634_1,utterance_8.mp4,0.58364921
3cacac634_1,utterance_9.mp4,0.69771885
3cacac634_1,utterance_10.mp4,0.72689516
3cacac634_1,utterance_11.mp4,0.67006966
3cacac634_1,utterance_12.mp4,0.77073185
3cacac634_1,utterance_13.mp4,0.67113785
3cacac634_1,utterance_14.mp4,0.37052177
3cacac634_1,utterance_15.mp4,0.54107782
3cacac634_1,utterance_16.mp4,0.50285935
3e515a9bc_1,utterance_1.mp4,0.79016205
3e515a9bc_1,utterance_2.mp4,0.70055075
3e515a9bc_1,utterance_3.mp4,0.79665354
3e666b2a3_1,utterance_3.mp4,0.71698275
3e666b2a3_1,utterance_4.mp4,0.57207276
3e666b2a3_1,utterance_5.mp4,0.78355643
3e666b2a3_1,utterance_6.mp4,0.70674336
3e666b2a3_1,utterance_8.mp4,0.77447808
3e666b2a3_1,utterance_9.mp4,0.812354
3e666b2a3_2,utterance_10.mp4,0.82672615
3e666b2a3_2,utterance_11.mp4,0.76484974
3e666b2a3_2,utterance_12.mp4,0.85289565
3e666b2a3_2,utterance_13.mp4,0.69076083
3e666b2a3_2,utterance_14.mp4,0.62066792
4a1d89a35_1,utterance_1.mp4,0.59036949
4a1d89a35_1,utterance_2.mp4,0.48968787
4a1d89a35_1,utterance_3.mp4,0.72598621
4a1d89a35_1,utterance_4.mp4,0.56092773
4a1d89a35_1,utterance_5.mp4,0.57715648
4a1d89a35_1,utterance_6.mp4,0.67509539
4a1d89a35_1,utterance_7.mp4,0.616082
4a1d89a35_1,utterance_8.mp4,0.65241572
4a1d89a35_1,utterance_10.mp4,0.68008265
4a1d89a35_1,utterance_11.mp4,0.64417288
4a1d89a35_1,utterance_12.mp4,0.72834385
4a1d89a35_1,utterance_13.mp4,0.62710261
4a1d89a35_1,utterance_14.mp4,0.29125987
4b2ffaecb_1,utterance_1.mp4,0.67556994
4b2ffaecb_1,utterance_2.mp4,0.55866309
4b2ffaecb_1,utterance_3.mp4,0.56699268
4b2ffaecb_1,utterance_4.mp4,0.6855726
4b2ffaecb_1,utterance_5.mp4,0.49209309
4b2ffaecb_1,utterance_6.mp4,0.54469301
4b2ffaecb_1,utterance_7.mp4,0.5740055
4b2ffaecb_1,utterance_8.mp4,0.56896223
4b2ffaecb_1,utterance_9.mp4,0.64342406
4b2ffaecb_1,utterance_10.mp4,0.46647648
4b2ffaecb_1,utterance_12.mp4,0.60601217
4b2ffaecb_1,utterance_14.mp4,0.58194954
4b2ffaecb_1,utterance_15.mp4,0.46776855
4b685cbe9_1,utterance_1.mp4,0.77042696
4b685cbe9_1,utterance_2.mp4,0.74202387
4b685cbe9_1,utterance_3.mp4,0.72709618
4b685cbe9_1,utterance_4.mp4,0.81467432
4b685cbe9_1,utterance_5.mp4,0.6871159
4b685cbe9_2,utterance_6.mp4,0.70537079
4b685cbe9_2,utterance_7.mp4,0.78418504
4b685cbe9_2,utterance_8.mp4,0.8091591
4b685cbe9_2,utterance_9.mp4,0.73811298
4b685cbe9_2,utterance_10.mp4,0.50190945
4bf764f4f_1,utterance_3.mp4,0.35838681
4bf764f4f_1,utterance_4.mp4,0.4692838
4bf764f4f_1,utterance_5.mp4,0.37242996
4bf764f4f_1,utterance_6.mp4,0.45487637
4bf764f4f_1,utterance_8.mp4,0.40099615
4bf764f4f_1,utterance_9.mp4,0.39395128
4bf764f4f_1,utterance_12.mp4,0.24983695
4bf764f4f_1,utterance_14.mp4,0.27936389
4bf764f4f_1,utterance_15.mp4,0.32651919
4bf764f4f_1,utterance_16.mp4,0.35981486
4bf764f4f_1,utterance_17.mp4,0.53720749
4bf764f4f_1,utterance_18.mp4,0.48897788
4bf764f4f_2,utterance_19.mp4,0.28844874
4bf764f4f_2,utterance_20.mp4,0.37437209
4bf764f4f_2,utterance_21.mp4,0.52060772
4bf764f4f_2,utterance_22.mp4,0.3003587
4bf764f4f_2,utterance_23.mp4,0.26091017
4bf764f4f_2,utterance_24.mp4,0.34770028
4bf764f4f_2,utterance_25.mp4,0.39904366
4bf764f4f_2,utterance_26.mp4,0.31382311
4bf764f4f_2,utterance_27.mp4,0.28952166
4bf764f4f_2,utterance_28.mp4,0.36426048
4bf764f4f_2,utterance_29.mp4,0.43237715
4bf764f4f_3,utterance_34.mp4,0.75828727
4bf764f4f_3,utterance_35.mp4,0.6983332
4bf764f4f_3,utterance_36.mp4,0.70146263
4c74a7326_1,utterance_1.mp4,0.39023654
4c74a7326_1,utterance_2.mp4,0.27402372
4c74a7326_1,utterance_3.mp4,0.50801466
4c74a7326_1,utterance_4.mp4,0.25451126
4c74a7326_1,utterance_5.mp4,0.4929457
4e03b2993_1,utterance_1.mp4,0.56014266
4e03b2993_1,utterance_2.mp4,0.50550394
4e03b2993_1,utterance_3.mp4,0.72572871
4e03b2993_1,utterance_4.mp4,0.37603511
4e03b2993_1,utterance_5.mp4,0.54982343
4e03b2993_1,utterance_6.mp4,0.77229837
4e03b2993_1,utterance_7.mp4,0.51127321
4e03b2993_1,utterance_8.mp4,0.31890358
4e03b2993_1,utterance_9.mp4,0.76791198
4e03b2993_2,utterance_11.mp4,0.72255484
4e03b2993_2,utterance_12.mp4,0.40872011
4e03b2993_2,utterance_13.mp4,0.4120637
4e03b2993_2,utterance_14.mp4,0.416431
4e03b2993_2,utterance_15.mp4,0.39118203
4e03b2993_2,utterance_16.mp4,0.19824201
5b1fe4bd9_1,utterance_1.mp4,0.63553335
5b1fe4bd9_1,utterance_2.mp4,0.5220579
5b1fe4bd9_1,utterance_3.mp4,0.78980433
5b1fe4bd9_1,utterance_4.mp4,0.69977628
5b1fe4bd9_1,utterance_5.mp4,0.72012151
5b1fe4bd9_1,utterance_6.mp4,0.86794955
5b1fe4bd9_1,utterance_7.mp4,0.67623172
5b1fe4bd9_1,utterance_8.mp4,0.63774018
5b1fe4bd9_1,utterance_9.mp4,0.73145825
5b1fe4bd9_1,utterance_11.mp4,0.64113655
5b1fe4bd9_1,utterance_12.mp4,0.5236538
5b1fe4bd9_1,utterance_13.mp4,0.72630792
5b1fe4bd9_1,utterance_14.mp4,0.63634177
5b1fe4bd9_1,utterance_16.mp4,0.60672675
5ba7890ab_1,utterance_2.mp4,0.31068292
5ba7890ab_1,utterance_3.mp4,0.28880174
5ba7890ab_1,utterance_4.mp4,0.26992831
5ba7890ab_1,utterance_5.mp4,0.19400127
5ba7890ab_1,utterance_6.mp4,0.29768376
5ba7890ab_1,utterance_7.mp4,0.4238908
5ba7890ab_1,utterance_8.mp4,0.40085997
5ba7890ab_1,utterance_9.mp4,0.51730851
5ba7890ab_1,utterance_10.mp4,0.54204403
5ba7890ab_1,utterance_11.mp4,0.45967172
5ba7890ab_1,utterance_12.mp4,0.3912648
5ba7890ab_1,utterance_13.mp4,0.49038815
5ba7890ab_1,utterance_14.mp4,0.46485087
5ba7890ab_1,utterance_18.mp4,0.49888704
5ba7890ab_1,utterance_19.mp4,0.54890066
5db2d5e44_1,utterance_1.mp4,0.3914237
5db2d5e44_1,utterance_2.mp4,0.55220351
5db2d5e44_1,utterance_3.mp4,0.60896707
5db2d5e44_1,utterance_4.mp4,0.46068881
5db2d5e44_1,utterance_5.mp4,0.46532829
5db2d5e44_1,utterance_6.mp4,0.50046095
05eb0bb02_1,utterance_2.mp4,0.70988662
05eb0bb02_1,utterance_3.mp4,0.65426068
05eb0bb02_1,utterance_4.mp4,0.69067508
05eb0bb02_1,utterance_5.mp4,0.69512744
05eb0bb02_2,utterance_6.mp4,0.54362889
05eb0bb02_2,utterance_7.mp4,0.76189283
05eb0bb02_2,utterance_8.mp4,0.74175098
05eb0bb02_2,utterance_9.mp4,0.79790043
05eb0bb02_2,utterance_10.mp4,0.38580161
05eb0bb02_2,utterance_11.mp4,0.67955105
05eb0bb02_2,utterance_12.mp4,0.49347788
05eb0bb02_2,utterance_13.mp4,0.42465194
05eb0bb02_2,utterance_14.mp4,0.46055843
05eb0bb02_2,utterance_15.mp4,0.60150054
05eb0bb02_2,utterance_16.mp4,0.77373613
05eb0bb02_2,utterance_17.mp4,0.70106692
05eb0bb02_2,utterance_18.mp4,0.65205193
05eb0bb02_2,utterance_19.mp4,0.58361663
05eb0bb02_2,utterance_20.mp4,0.47711365
05eb0bb02_2,utterance_21.mp4,0.31197884
05eb0bb02_3,utterance_22.mp4,0.73139095
05eb0bb02_3,utterance_23.mp4,0.69544236
05eb0bb02_3,utterance_24.mp4,0.74597948
05eb0bb02_3,utterance_25.mp4,0.65063842
05eb0bb02_3,utterance_26.mp4,0.38153097
5fb7fa213_1,utterance_1.mp4,0.33832744
5fb7fa213_1,utterance_2.mp4,0.15836054
5fb7fa213_1,utterance_3.mp4,0.38345915
5fb7fa213_1,utterance_4.mp4,0.22013193
5fb7fa213_1,utterance_5.mp4,0.20896639
5fb7fa213_1,utterance_6.mp4,0.22759508
6d21c3d7d_1,utterance_1.mp4,0.22000307
6d21c3d7d_1,utterance_2.mp4,0.15445105
6d21c3d7d_1,utterance_3.mp4,0.2752986
6d21c3d7d_1,utterance_4.mp4,0.33054434
6d21c3d7d_1,utterance_5.mp4,0.27054604
6d21c3d7d_1,utterance_6.mp4,0.3910692
6d21c3d7d_1,utterance_7.mp4,0.13381848
6d21c3d7d_1,utterance_8.mp4,0.20852583
6d21c3d7d_1,utterance_9.mp4,0.19752759
6d21c3d7d_1,utterance_10.mp4,0.27433953
6d21c3d7d_1,utterance_11.mp4,0.32463241
6d21c3d7d_1,utterance_12.mp4,0.40599311
6d21c3d7d_1,utterance_13.mp4,0.25629908
6d21c3d7d_1,utterance_14.mp4,0.16538873
6d21c3d7d_1,utterance_15.mp4,0.2958028
6d21c3d7d_1,utterance_16.mp4,0.27628666
6d21c3d7d_1,utterance_17.mp4,0.19244305
6d21c3d7d_1,utterance_18.mp4,0.34275443
6d21c3d7d_2,utterance_19.mp4,0.49310135
6d21c3d7d_2,utterance_20.mp4,0.34484903
6d21c3d7d_2,utterance_21.mp4,0.36842597
6d21c3d7d_2,utterance_22.mp4,0.37684839
6d21c3d7d_2,utterance_23.mp4,0.21365864
6d21c3d7d_2,utterance_26.mp4,0.20299003
6d21c3d7d_2,utterance_27.mp4,0.38913594
6d21c3d7d_2,utterance_28.mp4,0.39057145
6d21c3d7d_2,utterance_29.mp4,0.23353518
6d21c3d7d_2,utterance_30.mp4,0.21753645
6d21c3d7d_2,utterance_31.mp4,0.20186736
6d21c3d7d_2,utterance_32.mp4,0.19389682
6d21c3d7d_2,utterance_33.mp4,0.36099713
6d21c3d7d_2,utterance_34.mp4,0.15307358
6d21c3d7d_2,utterance_35.mp4,0.43224931
6d21c3d7d_2,utterance_36.mp4,0.24449698
6d21c3d7d_2,utterance_37.mp4,0.13042106
6d21c3d7d_2,utterance_38.mp4,0.24046154
6d21c3d7d_2,utterance_39.mp4,0.24983426
6d71a2500_1,utterance_2.mp4,0.73651572
6d71a2500_1,utterance_3.mp4,0.62800982
6d71a2500_1,utterance_5.mp4,0.53078791
6d71a2500_1,utterance_6.mp4,0.4879378
6d71a2500_1,utterance_7.mp4,0.6014864
6d71a2500_2,utterance_8.mp4,0.34507113
6d71a2500_2,utterance_9.mp4,0.53920314
6d71a2500_2,utterance_10.mp4,0.54817627
6d71a2500_2,utterance_11.mp4,0.57871939
6d71a2500_2,utterance_12.mp4,0.5545089
6d71a2500_2,utterance_13.mp4,0.50596856
6d71a2500_2,utterance_14.mp4,0.41955265
6d71a2500_2,utterance_15.mp4,0.50282764
6d71a2500_2,utterance_16.mp4,0.4337808
6d71a2500_2,utterance_17.mp4,0.57114447
6d71a2500_2,utterance_18.mp4,0.57353314
6d71a2500_2,utterance_19.mp4,0.43243984
6d71a2500_2,utterance_20.mp4,0.4750602
6d71a2500_2,utterance_21.mp4,0.47655613
6d71a2500_2,utterance_22.mp4,0.54914101
6d71a2500_2,utterance_23.mp4,0.31858499
6d71a2500_2,utterance_24.mp4,0.33730351
6d71a2500_2,utterance_25.mp4,0.34231024
6d71a2500_2,utterance_26.mp4,0.501197
6d71a2500_2,utterance_27.mp4,0.30108151
6d71a2500_2,utterance_28.mp4,0.42576524
6d71a2500_2,utterance_29.mp4,0.40740164
6d71a2500_2,utterance_30.mp4,0.30048121
6d71a2500_2,utterance_31.mp4,0.42204587
6d71a2500_2,utterance_32.mp4,0.41188318
6d71a2500_2,utterance_33.mp4,0.48111298
6d71a2500_2,utterance_34.mp4,0.29386687
6d71a2500_2,utterance_35.mp4,0.52915296
6d71a2500_2,utterance_37.mp4,0.49978461
6d71a2500_2,utterance_38.mp4,0.36934531
6d71a2500_2,utterance_39.mp4,0.37566016
6d71a2500_2,utterance_40.mp4,0.33836406
6d71a2500_2,utterance_42.mp4,0.50064744
6d71a2500_2,utterance_43.mp4,0.31470304
6d71a2500_2,utterance_44.mp4,0.19878589
6d71a2500_2,utterance_45.mp4,0.33266638
6d71a2500_2,utterance_46.mp4,0.2101725
6d71a2500_2,utterance_48.mp4,0.45604766
6d71a2500_2,utterance_49.mp4,0.36123551
6d71a2500_2,utterance_50.mp4,0.34426354
6d71a2500_2,utterance_51.mp4,0.49787996
6d71a2500_2,utterance_52.mp4,0.33699542
6d71a2500_2,utterance_53.mp4,0.41537329
6d71a2500_2,utterance_55.mp4,0.70569747
6d71a2500_2,utterance_56.mp4,0.74433345
6d71a2500_2,utterance_63.mp4,0.32372624
6d71a2500_2,utterance_64.mp4,0.32390799
6d71a2500_2,utterance_65.mp4,0.2901109
6d71a2500_2,utterance_66.mp4,0.39822324
6d71a2500_2,utterance_67.mp4,0.41447708
6d71a2500_2,utterance_68.mp4,0.22745951
6d71a2500_2,utterance_69.mp4,0.39442635
6d71a2500_2,utterance_70.mp4,0.25818493
6d71a2500_2,utterance_71.mp4,0.43017613
6d71a2500_2,utterance_72.mp4,0.33068974
6d71a2500_2,utterance_73.mp4,0.45143072
6d71a2500_2,utterance_74.mp4,0.34733856
6d71a2500_2,utterance_75.mp4,0.41442148
6d71a2500_2,utterance_76.mp4,0.51728455
6d71a2500_3,utterance_79.mp4,0.29782873
6d71a2500_3,utterance_80.mp4,0.3420585
6d71a2500_3,utterance_81.mp4,0.39819184
6d71a2500_3,utterance_82.mp4,0.30071123
6d71a2500_3,utterance_83.mp4,0.37678905
6d71a2500_3,utterance_84.mp4,0.39045042
6d71a2500_3,utterance_85.mp4,0.39630575
6d71a2500_3,utterance_86.mp4,0.32303127
6d71a2500_3,utterance_87.mp4,0.2039607
6d71a2500_3,utterance_89.mp4,0.80138496
6d71a2500_3,utterance_90.mp4,0.52171093
6d71a2500_3,utterance_92.mp4,0.5460714
6d71a2500_3,utterance_93.mp4,0.65215337
6d71a2500_3,utterance_94.mp4,0.69348542
6d71a2500_3,utterance_96.mp4,0.57836086
6d71a2500_3,utterance_97.mp4,0.69404712
6d71a2500_3,utterance_98.mp4,0.63079023
6d71a2500_3,utterance_100.mp4,0.78776346
6d71a2500_3,utterance_105.mp4,0.54098679
6d71a2500_3,utterance_106.mp4,0.37946326
6d71a2500_3,utterance_107.mp4,0.54972572
6d71a2500_3,utterance_108.mp4,0.51662484
6d71a2500_3,utterance_111.mp4,0.48368506
6d71a2500_4,utterance_117.mp4,0.20990868
6d71a2500_4,utterance_118.mp4,0.42480136
6d71a2500_4,utterance_119.mp4,0.46778297
6d71a2500_4,utterance_120.mp4,0.31746494
6d71a2500_4,utterance_121.mp4,0.32174048
6d71a2500_4,utterance_122.mp4,0.51426699
6d71a2500_4,utterance_123.mp4,0.29560044
6d71a2500_4,utterance_124.mp4,0.41169207
6d71a2500_4,utterance_125.mp4,0.5675327
6d71a2500_4,utterance_126.mp4,0.39123009
6d71a2500_4,utterance_127.mp4,0.62120153
6d71a2500_4,utterance_128.mp4,0.52772611
6d71a2500_4,utterance_131.mp4,0.24623258
6d71a2500_4,utterance_132.mp4,0.15194635
6d71a2500_4,utterance_133.mp4,0.43625575
6d71a2500_4,utterance_134.mp4,0.29111193
6d71a2500_4,utterance_135.mp4,0.14313857
6d71a2500_4,utterance_136.mp4,0.10253792
6d71a2500_4,utterance_138.mp4,0.18662366
7a8f3c5ac_1,utterance_1.mp4,0.56508
7a8f3c5ac_1,utterance_2.mp4,0.68787732
7a8f3c5ac_1,utterance_3.mp4,0.63739888
7a8f3c5ac_1,utterance_4.mp4,0.35705337
7a9dd8d41_1,utterance_1.mp4,0.67802889
7a9dd8d41_1,utterance_2.mp4,0.71376459
7a9dd8d41_1,utterance_4.mp4,0.55739936
7a9dd8d41_1,utterance_5.mp4,0.73647027
7a9dd8d41_1,utterance_6.mp4,0.69695691
7a9dd8d41_1,utterance_7.mp4,0.75057552
7a9dd8d41_1,utterance_8.mp4,0.6682786
7a9dd8d41_1,utterance_9.mp4,0.76650464
7a9dd8d41_1,utterance_10.mp4,0.79849493
7a9dd8d41_1,utterance_11.mp4,0.62208096
7a9dd8d41_1,utterance_12.mp4,0.83008624
7a9dd8d41_1,utterance_13.mp4,0.63372794
7a9dd8d41_2,utterance_17.mp4,0.54763363
7a9dd8d41_2,utterance_18.mp4,0.40484488
7a9dd8d41_2,utterance_19.mp4,0.7567632
7a9dd8d41_2,utterance_20.mp4,0.60338699
7aea2de29_1,utterance_1.mp4,0.68453258
7aea2de29_1,utterance_2.mp4,0.77469638
7aea2de29_1,utterance_3.mp4,0.82404549
7aea2de29_1,utterance_4.mp4,0.67617356
7aea2de29_1,utterance_5.mp4,0.54241342
7aea2de29_1,utterance_6.mp4,0.69352356
7aea2de29_1,utterance_7.mp4,0.753597
7aea2de29_1,utterance_8.mp4,0.66040319
7aea2de29_1,utterance_9.mp4,0.66208653
7aea2de29_1,utterance_10.mp4,0.67773631
7aea2de29_1,utterance_11.mp4,0.48412217
7aea2de29_1,utterance_12.mp4,0.78131092
7aea2de29_1,utterance_13.mp4,0.72647436
7aea2de29_1,utterance_14.mp4,0.60604353
7aea2de29_1,utterance_15.mp4,0.69419362
7caec779f_1,utterance_1.mp4,0.81748551
7caec779f_1,utterance_2.mp4,0.67917607
7caec779f_1,utterance_4.mp4,0.62744637
7caec779f_1,utterance_5.mp4,0.62869444
7caec779f_1,utterance_6.mp4,0.58496992
7caec779f_2,utterance_10.mp4,0.50213199
7caec779f_2,utterance_11.mp4,0.48329288
7caec779f_2,utterance_12.mp4,0.71674886
7caec779f_2,utterance_13.mp4,0.69955409
7caec779f_2,utterance_15.mp4,0.92082837
7caec779f_2,utterance_16.mp4,0.31780327
7d5f813e5_1,utterance_1.mp4,0.14467694
7d5f813e5_1,utterance_2.mp4,0.2924125
7d5f813e5_1,utterance_3.mp4,0.27026394
7d5f813e5_2,utterance_5.mp4,0.48343625
7d5f813e5_2,utterance_6.mp4,0.39591936
7d5f813e5_2,utterance_7.mp4,0.45366992
7d5f813e5_2,utterance_8.mp4,0.23488898
7dbd8e140_1,utterance_1.mp4,0.27920962
7dbd8e140_1,utterance_2.mp4,0.06524679
7dbd8e140_1,utterance_4.mp4,0.08708862
7dbd8e140_1,utterance_5.mp4,0.20480614
7dbd8e140_1,utterance_6.mp4,0.1862043
7dbd8e140_1,utterance_8.mp4,0.3124857
7dbd8e140_1,utterance_9.mp4,0.17973223
7dbd8e140_1,utterance_11.mp4,0.49217021
7dbd8e140_1,utterance_13.mp4,0.3645106
7dbd8e140_1,utterance_14.mp4,0.21942519
7dbd8e140_1,utterance_16.mp4,0.14641476
7dbd8e140_1,utterance_17.mp4,0.15567254
7dbd8e140_1,utterance_18.mp4,0.25365785
7dbd8e140_1,utterance_19.mp4,0.32212469
8a7020082_1,utterance_1.mp4,0.51559058
8a7020082_1,utterance_2.mp4,0.67040205
8a7020082_1,utterance_3.mp4,0.56053408
8a7020082_1,utterance_4.mp4,0.71315267
8a7020082_1,utterance_5.mp4,0.59634333
8a7020082_1,utterance_6.mp4,0.53428618
8a7020082_1,utterance_7.mp4,0.43238879
8a7020082_1,utterance_8.mp4,0.66221545
8a7020082_1,utterance_10.mp4,0.57400898
8a7020082_1,utterance_11.mp4,0.67461818
8a7020082_1,utterance_12.mp4,0.54413279
8a7020082_1,utterance_15.mp4,0.59284876
8a7020082_1,utterance_16.mp4,0.61175845
8a7020082_1,utterance_17.mp4,0.61479757
8a7020082_1,utterance_18.mp4,0.68358992
8a7020082_1,utterance_20.mp4,0.5968283
8a7020082_1,utterance_21.mp4,0.68706182
8a7020082_1,utterance_22.mp4,0.47088247
8a7020082_1,utterance_23.mp4,0.65332589
8a7020082_1,utterance_24.mp4,0.35574601
8a7020082_1,utterance_28.mp4,0.75853887
8a7020082_1,utterance_29.mp4,0.6727623
8b6d9c06b_1,utterance_1.mp4,0.41672383
8b6d9c06b_1,utterance_2.mp4,0.40383239
8b6d9c06b_1,utterance_3.mp4,0.26416179
8b6d9c06b_1,utterance_4.mp4,0.22338228
8b6d9c06b_1,utterance_5.mp4,0.34244905
8b6d9c06b_1,utterance_6.mp4,0.34551843
8b6d9c06b_1,utterance_7.mp4,0.41514275
8b6d9c06b_1,utterance_8.mp4,0.25794124
8b201e458_1,utterance_1.mp4,0.75410694
8b201e458_1,utterance_2.mp4,0.77300876
8b201e458_1,utterance_3.mp4,0.66643707
8b201e458_1,utterance_4.mp4,0.65149303
8b201e458_1,utterance_5.mp4,0.68819882
8b201e458_1,utterance_6.mp4,0.41446938
8b201e458_1,utterance_7.mp4,0.7254706
8b201e458_1,utterance_8.mp4,0.69622968
8b201e458_1,utterance_9.mp4,0.71285915
8b201e458_1,utterance_10.mp4,0.74913422
8b201e458_1,utterance_11.mp4,0.64212302
8b201e458_1,utterance_12.mp4,0.62203901
8b201e458_1,utterance_13.mp4,0.57756414
8b201e458_1,utterance_14.mp4,0.616105
8b201e458_1,utterance_15.mp4,0.45414327
8b201e458_1,utterance_16.mp4,0.5277186
8b201e458_1,utterance_17.mp4,0.49314232
8b201e458_1,utterance_18.mp4,0.42533156
8b201e458_1,utterance_19.mp4,0.36777644
8b201e458_1,utterance_20.mp4,0.36461095
8b201e458_1,utterance_21.mp4,0.47862252
8b201e458_1,utterance_22.mp4,0.33539059
8b201e458_1,utterance_23.mp4,0.37520022
8b201e458_1,utterance_25.mp4,0.38397448
8b201e458_1,utterance_27.mp4,0.32446721
8b201e458_1,utterance_28.mp4,0.44303047
8b201e458_1,utterance_29.mp4,0.32508283
8b201e458_1,utterance_30.mp4,0.45655313
8b201e458_1,utterance_31.mp4,0.3058972
8b201e458_1,utterance_32.mp4,0.28920514
8b201e458_1,utterance_36.mp4,0.32160223
8b201e458_1,utterance_37.mp4,0.38567083
8b201e458_1,utterance_38.mp4,0.27496727
8b201e458_1,utterance_39.mp4,0.53733493
8b201e458_1,utterance_40.mp4,0.34189861
8b201e458_1,utterance_41.mp4,0.59426759
8b201e458_1,utterance_42.mp4,0.34105574
8b201e458_1,utterance_43.mp4,0.35235552
8b201e458_1,utterance_44.mp4,0.28098349
8b201e458_1,utterance_45.mp4,0.29869338
8b201e458_1,utterance_46.mp4,0.29866417
8b201e458_1,utterance_48.mp4,0.34230943
8b201e458_1,utterance_49.mp4,0.3413852
8b201e458_1,utterance_50.mp4,0.26398828
8c0186c36_1,utterance_1.mp4,0.59526447
8c0186c36_1,utterance_2.mp4,0.63757289
8c0186c36_1,utterance_3.mp4,0.64647599
8c0186c36_1,utterance_4.mp4,0.7169226
8c0186c36_1,utterance_5.mp4,0.66477215
8c0186c36_1,utterance_6.mp4,0.46392096
8c0186c36_1,utterance_7.mp4,0.67996995
8c0186c36_1,utterance_8.mp4,0.58981992
8c0186c36_1,utterance_9.mp4,0.70724078
8c0186c36_1,utterance_10.mp4,0.69065104
8c0186c36_1,utterance_11.mp4,0.57182756
8c1814283_1,utterance_1.mp4,0.3380466
8c1814283_1,utterance_2.mp4,0.38771738
8c1814283_1,utterance_3.mp4,0.26397368
8c1814283_1,utterance_4.mp4,0.19640788
8c1814283_1,utterance_5.mp4,0.27945161
8c1814283_1,utterance_6.mp4,0.38315472
8c1814283_1,utterance_7.mp4,0.37477834
8c1814283_1,utterance_8.mp4,0.33569039
8c1814283_1,utterance_9.mp4,0.23188047
8c1814283_2,utterance_10.mp4,0.22855232
8c1814283_2,utterance_11.mp4,0.25166133
8c1814283_2,utterance_12.mp4,0.28823507
8c1814283_2,utterance_13.mp4,0.22896706
8c1814283_2,utterance_14.mp4,0.34065429
8c1814283_2,utterance_15.mp4,0.30281817
8c1814283_2,utterance_16.mp4,0.32171414
8c1814283_2,utterance_17.mp4,0.16106627
8c1814283_2,utterance_18.mp4,0.19115885
8c1814283_3,utterance_19.mp4,0.31544763
8c1814283_3,utterance_20.mp4,0.20225604
8c1814283_3,utterance_21.mp4,0.23043975
8c1814283_3,utterance_22.mp4,0.25947686
8c1814283_3,utterance_23.mp4,0.05488353
8c1814283_3,utterance_24.mp4,0.18593445
8c1814283_3,utterance_25.mp4,0.11904964
8c1814283_3,utterance_26.mp4,0.40933229
8c1814283_3,utterance_27.mp4,0.23199641
8c1814283_3,utterance_28.mp4,0.30332292
8c1814283_3,utterance_29.mp4,0.17551809
8c1814283_3,utterance_30.mp4,0.33881914
8c1814283_3,utterance_31.mp4,0.21345305
8c1814283_3,utterance_32.mp4,0.30211945
8c1814283_4,utterance_34.mp4,0.31948736
8c1814283_4,utterance_35.mp4,0.14909031
8c1814283_4,utterance_36.mp4,0.23302084
8c1814283_4,utterance_37.mp4,0.33606691
8c1814283_4,utterance_39.mp4,0.23217494
8c1814283_4,utterance_41.mp4,0.41664364
8c1814283_4,utterance_42.mp4,0.19983353
8c1814283_4,utterance_44.mp4,0.35977482
8c1814283_4,utterance_45.mp4,0.43348647
8c1814283_4,utterance_46.mp4,0.1741684
8c1814283_4,utterance_47.mp4,0.40239042
8c1814283_4,utterance_48.mp4,0.19534432
8c1814283_4,utterance_49.mp4,0.19529209
8c1814283_4,utterance_51.mp4,0.49436456
8c1814283_4,utterance_52.mp4,0.10627357
8c1814283_4,utterance_53.mp4,0.24540327
8c1814283_4,utterance_54.mp4,0.13072952
8c1814283_4,utterance_55.mp4,0.30815945
8c1814283_4,utterance_56.mp4,0.35169244
8c1814283_4,utterance_57.mp4,0.18133397
8c1814283_4,utterance_58.mp4,0.32680637
8c1814283_4,utterance_59.mp4,0.30474614
8c1814283_4,utterance_60.mp4,0.26269606
8c1814283_4,utterance_61.mp4,0.30880255
8c1814283_5,utterance_64.mp4,0.25799608
8c1814283_5,utterance_66.mp4,0.2337536
8c1814283_5,utterance_68.mp4,0.26300717
8c1814283_5,utterance_69.mp4,0.19980162
8c1814283_5,utterance_70.mp4,0.33711519
8c1814283_5,utterance_71.mp4,0.29484855
8c1814283_5,utterance_72.mp4,0.1207443
8c1814283_5,utterance_73.mp4,0.22674789
8c1814283_5,utterance_75.mp4,0.20045081
8d4be5d25_1,utterance_1.mp4,0.38721599
8d4be5d25_1,utterance_2.mp4,0.57218423
8d4be5d25_1,utterance_3.mp4,0.5584707
8d4be5d25_1,utterance_4.mp4,0.24477735
8d6982ee3_1,utterance_1.mp4,0.6605319
8d6982ee3_1,utterance_2.mp4,0.41030008
8d6982ee3_1,utterance_3.mp4,0.6413158
8d6982ee3_1,utterance_4.mp4,0.46094118
8d6982ee3_1,utterance_5.mp4,0.67386694
8d6982ee3_1,utterance_6.mp4,0.63270389
8d6982ee3_1,utterance_7.mp4,0.56441325
8d6982ee3_1,utterance_8.mp4,0.38545485
8d6982ee3_1,utterance_9.mp4,0.63799388
8d6982ee3_1,utterance_10.mp4,0.46236285
8d6982ee3_1,utterance_11.mp4,0.5991702
8d6982ee3_1,utterance_12.mp4,0.58840849
8d6982ee3_1,utterance_13.mp4,0.6066874
8d6982ee3_1,utterance_14.mp4,0.51468858
8d6982ee3_1,utterance_15.mp4,0.60910429
8d6982ee3_1,utterance_16.mp4,0.54967832
8e7ad7bd3_1,utterance_1.mp4,0.58383287
8e7ad7bd3_1,utterance_2.mp4,0.50020198
8e7ad7bd3_1,utterance_3.mp4,0.59049389
8e7ad7bd3_1,utterance_4.mp4,0.46411715
8e7ad7bd3_1,utterance_5.mp4,0.54972751
8e7ad7bd3_1,utterance_6.mp4,0.51599166
9a7c346da_1,utterance_1.mp4,0.35699717
9a7c346da_1,utterance_2.mp4,0.37742594
9a7c346da_1,utterance_3.mp4,0.47500653
9a7c346da_1,utterance_4.mp4,0.5753755
9a7c346da_1,utterance_5.mp4,0.32994027
9a7c346da_1,utterance_6.mp4,0.31001531
9a7c346da_1,utterance_7.mp4,0.37254149
9a7c346da_1,utterance_8.mp4,0.47260608
9a7c346da_1,utterance_9.mp4,0.47427111
9a7c346da_1,utterance_10.mp4,0.49624598
9a7c346da_1,utterance_11.mp4,0.48565032
9bb614e8e_1,utterance_2.mp4,0.45098675
9bb614e8e_1,utterance_3.mp4,0.61606673
9bb614e8e_1,utterance_4.mp4,0.60318604
9bb614e8e_1,utterance_5.mp4,0.55426271
9bb614e8e_1,utterance_6.mp4,0.51307944
9bb614e8e_1,utterance_7.mp4,0.28150473
9bb614e8e_1,utterance_8.mp4,0.34035498
9bb614e8e_1,utterance_9.mp4,0.37418005
9bb614e8e_1,utterance_10.mp4,0.31180339
9bb614e8e_1,utterance_11.mp4,0.49028932
9bb614e8e_1,utterance_12.mp4,0.5727523
9bb614e8e_1,utterance_13.mp4,0.5637379
9bb614e8e_1,utterance_14.mp4,0.61690944
9bb614e8e_1,utterance_15.mp4,0.60792909
9bb614e8e_1,utterance_16.mp4,0.39418255
9bb614e8e_1,utterance_17.mp4,0.58163963
9bb614e8e_1,utterance_18.mp4,0.53203712
9bb614e8e_1,utterance_19.mp4,0.79656834
9bb614e8e_1,utterance_20.mp4,0.3919297
9bd67e0c1_1,utterance_2.mp4,0.16495237
9bd67e0c1_1,utterance_4.mp4,0.24960413
9bd67e0c1_1,utterance_5.mp4,0.18431482
9bd67e0c1_1,utterance_6.mp4,0.17091012
9bd67e0c1_1,utterance_7.mp4,0.34229372
9bd67e0c1_1,utterance_8.mp4,0.10779934
9bd67e0c1_1,utterance_9.mp4,-0.00948637
9bd67e0c1_1,utterance_10.mp4,0.03694886
9bd67e0c1_1,utterance_11.mp4,0.13172483
9bd67e0c1_1,utterance_14.mp4,0.11793525
9bd67e0c1_1,utterance_15.mp4,0.2537764
9bd67e0c1_1,utterance_17.mp4,0.32164447
9bd67e0c1_1,utterance_18.mp4,0.19847664
9bd67e0c1_1,utterance_19.mp4,0.19095752
9bd67e0c1_1,utterance_21.mp4,0.17726508
9bd67e0c1_1,utterance_22.mp4,0.26956421
9bd67e0c1_1,utterance_23.mp4,0.19893186
9bd67e0c1_1,utterance_24.mp4,0.1643968
9bd67e0c1_1,utterance_25.mp4,0.21202451
9bd67e0c1_1,utterance_26.mp4,0.31276506
9bd67e0c1_1,utterance_27.mp4,0.30800289
9bd67e0c1_1,utterance_28.mp4,0.35148661
9bd67e0c1_1,utterance_30.mp4,0.20708534
9bd67e0c1_1,utterance_31.mp4,0.24324397
9bd67e0c1_1,utterance_32.mp4,0.20956409
9bd67e0c1_1,utterance_33.mp4,0.28210786
9bd67e0c1_1,utterance_34.mp4,0.19058714
9bd67e0c1_1,utterance_36.mp4,0.11699324
9bd67e0c1_1,utterance_37.mp4,0.1778665
9bd67e0c1_1,utterance_38.mp4,0.25926664
9bd67e0c1_1,utterance_39.mp4,0.35612225
9bd67e0c1_1,utterance_40.mp4,0.16301616
9bd67e0c1_1,utterance_41.mp4,0.32295046
9bd67e0c1_1,utterance_42.mp4,0.30646162
9bd67e0c1_1,utterance_43.mp4,0.23142267
9bd67e0c1_1,utterance_44.mp4,0.13420735
9bd67e0c1_1,utterance_45.mp4,0.17038574
9bd67e0c1_1,utterance_46.mp4,0.3116506
9bd67e0c1_1,utterance_47.mp4,0.24386586
9bd67e0c1_1,utterance_48.mp4,0.17727345
9bd67e0c1_1,utterance_49.mp4,0.17315638
9bd67e0c1_1,utterance_50.mp4,0.21295068
9bd67e0c1_1,utterance_51.mp4,0.3294928
9bd67e0c1_1,utterance_52.mp4,0.13114918
9bd67e0c1_1,utterance_54.mp4,0.24895901
9bd67e0c1_1,utterance_55.mp4,0.29857269
9bd67e0c1_1,utterance_56.mp4,0.22314324
9bd67e0c1_1,utterance_57.mp4,0.33674305
9bd67e0c1_1,utterance_58.mp4,0.23504682
9bd67e0c1_1,utterance_59.mp4,0.27297979
9bd67e0c1_1,utterance_61.mp4,0.29606398
9bd67e0c1_1,utterance_62.mp4,0.26927935
9bd67e0c1_1,utterance_64.mp4,0.28516424
9f61ebf45_1,utterance_1.mp4,0.46916011
9f61ebf45_1,utterance_2.mp4,0.67300118
9f61ebf45_1,utterance_3.mp4,0.71656051
9f61ebf45_1,utterance_4.mp4,0.73950739
9f61ebf45_1,utterance_5.mp4,0.78240615
9f61ebf45_1,utterance_6.mp4,0.60975342
9f61ebf45_1,utterance_7.mp4,0.70317063
9f61ebf45_2,utterance_9.mp4,0.73831081
9f61ebf45_2,utterance_10.mp4,0.58800393
9f61ebf45_2,utterance_11.mp4,0.67467839
9f61ebf45_2,utterance_12.mp4,0.50468457
9f61ebf45_2,utterance_13.mp4,0.37239367
9f61ebf45_2,utterance_14.mp4,0.25482921
9f61ebf45_3,utterance_25.mp4,0.53852299
9f61ebf45_3,utterance_26.mp4,0.46210353
9f61ebf45_3,utterance_27.mp4,0.47887486
9f61ebf45_3,utterance_28.mp4,0.41978407
9f61ebf45_3,utterance_29.mp4,0.34300336
9f61ebf45_3,utterance_30.mp4,0.48304121
9f61ebf45_3,utterance_31.mp4,0.52910535
9f61ebf45_4,utterance_34.mp4,0.48756224
9f61ebf45_4,utterance_35.mp4,0.44562158
9f61ebf45_4,utterance_36.mp4,0.56660306
9f61ebf45_4,utterance_37.mp4,0.42237139
9f61ebf45_4,utterance_38.mp4,0.44105344
9f61ebf45_4,utterance_39.mp4,0.47854076
9f61ebf45_4,utterance_40.mp4,0.42277509
9f61ebf45_4,utterance_41.mp4,0.39230282
9f61ebf45_4,utterance_42.mp4,0.37226827
9f61ebf45_4,utterance_43.mp4,0.48905937
9f61ebf45_4,utterance_44.mp4,0.37854555
9f61ebf45_4,utterance_46.mp4,0.38152537
10e90ab5e_1,utterance_1.mp4,0.73480224
10e90ab5e_1,utterance_3.mp4,0.7896318
10e90ab5e_1,utterance_4.mp4,0.70339417
10e90ab5e_1,utterance_5.mp4,0.72679497
10e90ab5e_1,utterance_6.mp4,0.66172393
10e90ab5e_1,utterance_7.mp4,0.64787307
10e90ab5e_1,utterance_8.mp4,0.91728812
10e90ab5e_1,utterance_10.mp4,0.87405202
10e90ab5e_1,utterance_11.mp4,0.73942371
10e90ab5e_1,utterance_12.mp4,0.41527534
21b4bf603_1,utterance_1.mp4,0.25075596
21b4bf603_1,utterance_2.mp4,0.28213485
21b4bf603_1,utterance_3.mp4,0.21113835
21b4bf603_1,utterance_4.mp4,0.19838608
21b4bf603_2,utterance_12.mp4,0.4338134
21b4bf603_2,utterance_13.mp4,0.25207807
21b4bf603_2,utterance_14.mp4,0.23300057
21b4bf603_2,utterance_15.mp4,0.34028228
21b4bf603_3,utterance_19.mp4,0.25411701
21b4bf603_3,utterance_21.mp4,0.23404928
21b4bf603_3,utterance_22.mp4,0.27276089
26cb30b39_1,utterance_33.mp4,0.43618359
26cb30b39_1,utterance_34.mp4,0.38613114
26cb30b39_1,utterance_37.mp4,0.76677035
26cb30b39_1,utterance_38.mp4,0.5109802
27e6e1f2a_1,utterance_1.mp4,0.65223246
27e6e1f2a_1,utterance_2.mp4,0.67591823
27e6e1f2a_1,utterance_3.mp4,0.37213558
27e6e1f2a_1,utterance_4.mp4,0.66223996
27e6e1f2a_1,utterance_5.mp4,0.64601064
27e6e1f2a_1,utterance_6.mp4,0.70001154
27e6e1f2a_1,utterance_7.mp4,0.59687201
27e6e1f2a_1,utterance_8.mp4,0.74532516
27e6e1f2a_1,utterance_9.mp4,0.70264424
27e6e1f2a_1,utterance_11.mp4,0.63539013
27e6e1f2a_1,utterance_12.mp4,0.33460029
27e6e1f2a_1,utterance_13.mp4,0.58381503
27e6e1f2a_1,utterance_14.mp4,0.76452672
27e6e1f2a_1,utterance_15.mp4,0.74416015
27e6e1f2a_1,utterance_16.mp4,0.78736579
27e6e1f2a_1,utterance_17.mp4,0.59424993
27e6e1f2a_1,utterance_18.mp4,0.60173856
27e6e1f2a_1,utterance_19.mp4,0.77696353
27e6e1f2a_1,utterance_20.mp4,0.74660852
27e6e1f2a_1,utterance_21.mp4,0.51091728
27e6e1f2a_1,utterance_22.mp4,0.58126017
27e6e1f2a_1,utterance_23.mp4,0.65030996
27e6e1f2a_2,utterance_24.mp4,0.67279422
27e6e1f2a_2,utterance_25.mp4,0.72348799
27e6e1f2a_2,utterance_26.mp4,0.45608998
32f7de930_1,utterance_1.mp4,0.74413192
32f7de930_1,utterance_2.mp4,0.76496854
32f7de930_1,utterance_6.mp4,0.27418362
32f7de930_1,utterance_8.mp4,0.62303682
32f7de930_3,utterance_18.mp4,0.5872607
32f7de930_3,utterance_19.mp4,0.45398248
32f7de930_3,utterance_20.mp4,0.57289526
32f7de930_3,utterance_21.mp4,0.74333896
32f7de930_3,utterance_22.mp4,0.77986803
32f7de930_4,utterance_26.mp4,0.55154878
32f7de930_4,utterance_27.mp4,0.52668827
32f7de930_4,utterance_28.mp4,0.49036316
32f7de930_4,utterance_29.mp4,0.74105081
32f7de930_4,utterance_30.mp4,0.83133757
32f7de930_4,utterance_31.mp4,0.27319709
32f7de930_5,utterance_34.mp4,0.57886479
32f7de930_5,utterance_35.mp4,0.64800773
32f7de930_5,utterance_36.mp4,0.49293837
32f7de930_5,utterance_37.mp4,0.63646375
32f7de930_5,utterance_38.mp4,0.35634797
32f7de930_5,utterance_39.mp4,0.41234209
32f7de930_5,utterance_40.mp4,0.35817047
32f7de930_5,utterance_41.mp4,0.44945308
34e5fb120_1,utterance_1.mp4,0.49225135
34e5fb120_1,utterance_2.mp4,0.55590001
34e5fb120_1,utterance_3.mp4,0.43862082
34e5fb120_1,utterance_4.mp4,0.37575792
34e5fb120_1,utterance_5.mp4,0.529228
34e5fb120_1,utterance_6.mp4,0.52020343
34e5fb120_1,utterance_7.mp4,0.40762214
34e5fb120_1,utterance_8.mp4,0.43015771
34e5fb120_1,utterance_9.mp4,0.39085283
34e5fb120_1,utterance_10.mp4,0.48570126
34e5fb120_1,utterance_11.mp4,0.45410498
34e5fb120_1,utterance_12.mp4,0.27026673
34e5fb120_1,utterance_13.mp4,0.33574839
34e5fb120_1,utterance_14.mp4,0.47920395
34e5fb120_2,utterance_15.mp4,0.36041356
34e5fb120_2,utterance_16.mp4,0.44224843
34e5fb120_2,utterance_17.mp4,0.5336915
34e5fb120_2,utterance_18.mp4,0.4217892
34e5fb120_2,utterance_19.mp4,0.50821672
34e5fb120_2,utterance_20.mp4,0.41665868
34e5fb120_2,utterance_21.mp4,0.38837039
34e5fb120_2,utterance_22.mp4,0.47817733
35a87ca15_1,utterance_4.mp4,0.38849994
35a87ca15_1,utterance_5.mp4,0.43017205
35a87ca15_1,utterance_6.mp4,0.55326319
54c1f93cf_1,utterance_1.mp4,0.6520388
54c1f93cf_1,utterance_2.mp4,0.61184581
54c1f93cf_1,utterance_3.mp4,0.68819714
54c1f93cf_1,utterance_4.mp4,0.54850045
54c1f93cf_1,utterance_5.mp4,0.63062639
54c1f93cf_1,utterance_6.mp4,0.32096612
58cc2fb3c_1,utterance_2.mp4,0.075202
58cc2fb3c_1,utterance_3.mp4,0.14513581
58cc2fb3c_1,utterance_4.mp4,0.12408561
58cc2fb3c_1,utterance_5.mp4,0.18432872
58cc2fb3c_1,utterance_6.mp4,0.11276033
58cc2fb3c_1,utterance_7.mp4,0.08885128
58cc2fb3c_1,utterance_8.mp4,0.15002721
58cc2fb3c_1,utterance_9.mp4,0.15690659
58cc2fb3c_1,utterance_10.mp4,0.15732254
58cc2fb3c_1,utterance_11.mp4,0.1151089
69dd61cfd_1,utterance_3.mp4,0.29405661
69dd61cfd_1,utterance_4.mp4,0.18099682
69dd61cfd_1,utterance_5.mp4,0.16189872
69dd61cfd_1,utterance_6.mp4,0.10302791
69dd61cfd_1,utterance_7.mp4,0.21501011
69dd61cfd_1,utterance_8.mp4,0.31542806
69dd61cfd_1,utterance_9.mp4,0.56209543
69dd61cfd_1,utterance_11.mp4,0.26061046
69dd61cfd_1,utterance_12.mp4,0.21919938
69dd61cfd_1,utterance_13.mp4,0.2045581
69dd61cfd_1,utterance_14.mp4,0.2204777
69dd61cfd_1,utterance_15.mp4,0.14940174
69dd61cfd_1,utterance_16.mp4,0.16434148
69dd61cfd_1,utterance_19.mp4,0.34547173
69dd61cfd_1,utterance_26.mp4,0.40381968
69dd61cfd_1,utterance_27.mp4,0.32989502
69dd61cfd_1,utterance_28.mp4,0.23721671
69dd61cfd_1,utterance_29.mp4,0.27338886
69dd61cfd_1,utterance_30.mp4,0.22086996
69dd61cfd_1,utterance_31.mp4,0.6649868
69dd61cfd_2,utterance_34.mp4,0.37398391
69dd61cfd_2,utterance_35.mp4,0.13353936
69dd61cfd_2,utterance_37.mp4,0.2808029
69dd61cfd_2,utterance_38.mp4,0.13169547
69dd61cfd_2,utterance_42.mp4,0.2904493
69dd61cfd_2,utterance_44.mp4,0.71261372
69dd61cfd_2,utterance_46.mp4,0.55809213
69dd61cfd_2,utterance_47.mp4,0.29210511
69dd61cfd_2,utterance_48.mp4,0.74482905
69dd61cfd_2,utterance_49.mp4,0.25084522
69dd61cfd_2,utterance_50.mp4,0.43468653
69dd61cfd_2,utterance_51.mp4,0.35350373
69dd61cfd_2,utterance_52.mp4,0.19217747
69dd61cfd_2,utterance_54.mp4,0.28623164
69dd61cfd_2,utterance_61.mp4,0.68709151
69dd61cfd_2,utterance_62.mp4,0.50890059
70a4d0e2c_1,utterance_1.mp4,0.43917664
70a4d0e2c_1,utterance_2.mp4,0.35351605
70a4d0e2c_1,utterance_3.mp4,0.33571363
70a4d0e2c_1,utterance_4.mp4,0.26691636
75bffd291_1,utterance_1.mp4,0.69898197
75bffd291_1,utterance_2.mp4,0.54160132
75bffd291_1,utterance_3.mp4,0.57964035
75bffd291_1,utterance_4.mp4,0.55486766
75bffd291_1,utterance_5.mp4,0.46966137
75bffd291_1,utterance_6.mp4,0.62993436
75bffd291_1,utterance_7.mp4,0.50963313
75bffd291_1,utterance_8.mp4,0.69320381
75bffd291_1,utterance_9.mp4,0.4714182
81a54de90_1,utterance_1.mp4,0.23857108
81a54de90_1,utterance_2.mp4,0.22514617
81a54de90_1,utterance_3.mp4,0.16583778
81a54de90_1,utterance_4.mp4,0.26564562
82d392e7a_1,utterance_12.mp4,0.662297
82d392e7a_1,utterance_13.mp4,0.60480107
82d392e7a_1,utterance_14.mp4,0.49373917
82d392e7a_1,utterance_15.mp4,0.70302601
82d392e7a_1,utterance_16.mp4,0.35168566
82d392e7a_1,utterance_17.mp4,0.57724477
82d392e7a_1,utterance_18.mp4,0.56975682
82d392e7a_1,utterance_19.mp4,0.46284532
82d392e7a_2,utterance_21.mp4,0.23705161
82d392e7a_2,utterance_23.mp4,0.47823498
82d392e7a_2,utterance_24.mp4,0.30504814
82d392e7a_2,utterance_25.mp4,0.68925731
82d392e7a_2,utterance_26.mp4,0.62112601
82d392e7a_2,utterance_27.mp4,0.35330866
82d392e7a_2,utterance_28.mp4,0.64497452
82d392e7a_2,utterance_29.mp4,0.76354244
82d392e7a_2,utterance_30.mp4,0.15585614
82d392e7a_2,utterance_32.mp4,0.11886859
82d392e7a_2,utterance_33.mp4,0.67482434
82d392e7a_2,utterance_35.mp4,0.60766169
82d392e7a_2,utterance_36.mp4,0.89716526
82d392e7a_2,utterance_37.mp4,0.63256857
82d392e7a_2,utterance_40.mp4,0.887403
82d392e7a_2,utterance_41.mp4,0.53338874
82d392e7a_2,utterance_44.mp4,0.80914176
82d392e7a_2,utterance_45.mp4,0.37823689
82d392e7a_2,utterance_46.mp4,0.65151194
82d392e7a_2,utterance_47.mp4,0.58751296
82d392e7a_2,utterance_48.mp4,0.39497421
82d392e7a_2,utterance_49.mp4,0.82961046
82d392e7a_2,utterance_50.mp4,0.63754069
82d392e7a_2,utterance_51.mp4,0.81440163
82d392e7a_2,utterance_52.mp4,0.80902361
82d392e7a_2,utterance_53.mp4,0.58880357
82d392e7a_2,utterance_54.mp4,0.83774968
82d392e7a_2,utterance_55.mp4,0.56011323
82d392e7a_2,utterance_56.mp4,0.52665816
82d392e7a_2,utterance_57.mp4,0.49922917
82d392e7a_2,utterance_58.mp4,0.39069971
82d392e7a_2,utterance_59.mp4,0.40141546
82d392e7a_2,utterance_60.mp4,0.70319503
82d392e7a_2,utterance_61.mp4,0.84649741
82d392e7a_2,utterance_62.mp4,0.7403496
82d392e7a_2,utterance_63.mp4,0.60304353
82d392e7a_2,utterance_64.mp4,0.28110374
82f4433b1_1,utterance_1.mp4,0.77959141
82f4433b1_1,utterance_2.mp4,0.78668724
82f4433b1_1,utterance_3.mp4,0.66186953
82f4433b1_2,utterance_4.mp4,0.71662764
82f4433b1_2,utterance_5.mp4,0.80094994
82f4433b1_2,utterance_6.mp4,0.71193041
82f4433b1_2,utterance_7.mp4,0.70823316
82f4433b1_2,utterance_8.mp4,0.76908713
82f4433b1_3,utterance_9.mp4,0.69921934
82f4433b1_3,utterance_10.mp4,0.79273739
82f4433b1_3,utterance_11.mp4,0.70807362
82f4433b1_3,utterance_12.mp4,0.74677384
82f4433b1_3,utterance_14.mp4,0.78446762
82f4433b1_4,utterance_15.mp4,0.76193628
82f4433b1_4,utterance_16.mp4,0.82169986
82f4433b1_4,utterance_17.mp4,0.73530637
82f4433b1_4,utterance_18.mp4,0.73704759
82f4433b1_5,utterance_19.mp4,0.68366634
82f4433b1_5,utterance_20.mp4,0.63785733
82f4433b1_5,utterance_21.mp4,0.82725788
82f4433b1_5,utterance_22.mp4,0.74017603
82f4433b1_5,utterance_23.mp4,0.59739514
86ccaaff5_1,utterance_1.mp4,0.54607507
86ccaaff5_1,utterance_2.mp4,0.61743802
86ccaaff5_1,utterance_3.mp4,0.62779943
86ccaaff5_1,utterance_4.mp4,0.66605458
86ccaaff5_1,utterance_5.mp4,0.55490304
86ccaaff5_1,utterance_6.mp4,0.65407776
86ccaaff5_1,utterance_7.mp4,0.53870264
90c60583f_1,utterance_1.mp4,0.50992414
90c60583f_1,utterance_2.mp4,0.57503881
90c60583f_1,utterance_3.mp4,0.61103922
90c60583f_1,utterance_4.mp4,0.45191271
90c60583f_1,utterance_5.mp4,0.60966055
90c60583f_1,utterance_6.mp4,0.24817141
95d358ed0_1,utterance_2.mp4,0.86101436
95d358ed0_1,utterance_3.mp4,0.77536472
95d358ed0_1,utterance_4.mp4,0.75573768
95d358ed0_1,utterance_5.mp4,0.65414575
99ac937e9_1,utterance_1.mp4,0.7098516
99ac937e9_1,utterance_2.mp4,0.64878563
99ac937e9_1,utterance_3.mp4,0.31141356
99dfc5db0_1,utterance_1.mp4,0.66633959
99dfc5db0_1,utterance_2.mp4,0.752276
99dfc5db0_1,utterance_13.mp4,0.8101042
99dfc5db0_1,utterance_14.mp4,0.72224921
99dfc5db0_1,utterance_18.mp4,0.71066152
99dfc5db0_1,utterance_19.mp4,0.37951217
106c19134_1,utterance_1.mp4,0.72720514
106c19134_1,utterance_2.mp4,0.61753099
106c19134_1,utterance_3.mp4,0.73171061
106c19134_1,utterance_4.mp4,0.69578218
106c19134_1,utterance_5.mp4,0.73621806
106c19134_1,utterance_6.mp4,0.77828656
106c19134_1,utterance_7.mp4,0.71132211
106c19134_1,utterance_8.mp4,0.80619119
106c19134_1,utterance_9.mp4,0.28744728
